-- phpMyAdmin SQL Dump
-- version 5.0.2
-- https://www.phpmyadmin.net/
--
-- Host: 127.0.0.1
-- Generation Time: May 30, 2021 at 05:36 AM
-- Server version: 10.4.14-MariaDB
-- PHP Version: 7.4.10

SET SQL_MODE = "NO_AUTO_VALUE_ON_ZERO";
START TRANSACTION;
SET time_zone = "+00:00";


/*!40101 SET @OLD_CHARACTER_SET_CLIENT=@@CHARACTER_SET_CLIENT */;
/*!40101 SET @OLD_CHARACTER_SET_RESULTS=@@CHARACTER_SET_RESULTS */;
/*!40101 SET @OLD_COLLATION_CONNECTION=@@COLLATION_CONNECTION */;
/*!40101 SET NAMES utf8mb4 */;

--
-- Database: `pos_system`
--

-- --------------------------------------------------------

--
-- Table structure for table `accounts`
--

CREATE TABLE `accounts` (
  `account_id` int(11) NOT NULL,
  `account_name` varchar(255) NOT NULL,
  `username` varchar(50) NOT NULL,
  `password` varchar(255) NOT NULL,
  `position` int(11) NOT NULL,
  `created_at` datetime NOT NULL DEFAULT current_timestamp(),
  `updated_at` datetime DEFAULT NULL,
  `deleted_at` datetime DEFAULT NULL
) ENGINE=InnoDB DEFAULT CHARSET=utf8mb4;

--
-- Dumping data for table `accounts`
--

INSERT INTO `accounts` (`account_id`, `account_name`, `username`, `password`, `position`, `created_at`, `updated_at`, `deleted_at`) VALUES
(1, 'Eleasar Y. Patot', 'eleasar123', 'eleasar@admin123', 1, '2021-05-12 16:43:53', '2021-05-13 11:44:47', NULL),
(2, 'Marjorie O. Entoma', 'marjGorgeous', 'marj@waiter123', 2, '2021-05-12 16:46:04', '2021-05-16 11:00:13', NULL),
(14, 'John Miguel Estopa ', '', 'jmigz', 2, '2021-05-13 11:07:52', NULL, NULL),
(15, 'John Miguel Estopa ', 'jmigz123', 'fasdfds', 2, '2021-05-13 11:14:29', '2021-05-30 09:54:19', NULL),
(18, 'Jurick Anthony Baybayanon', '', 'fdsfasd', 2, '2021-05-13 12:00:33', NULL, NULL),
(19, 'Justin Ambrad', '', 'justin123', 2, '2021-05-16 03:06:43', NULL, NULL),
(20, 'Justin Ambrad', '', 'justin123', 2, '2021-05-16 06:12:34', '2021-05-30 10:13:33', NULL),
(21, 'joshua avenido', '', 'hapon', 2, '2021-05-26 02:57:53', NULL, '2021-05-26 03:05:23'),
(22, 'christine rubio', '', 'gwapz', 2, '2021-05-26 03:05:06', NULL, '2021-05-26 03:05:18'),
(23, 'joshua avenido', 'joshua123', 'jjoshua123', 2, '2021-05-26 03:10:10', '2021-05-30 10:13:24', NULL),
(24, 'waiter@name', '', 'waiter123', 2, '2021-05-26 06:49:12', '2021-05-29 02:35:04', NULL),
(25, 'Jolly Borbon ', 'okjally', 'okjally', 2, '2021-05-30 09:56:23', NULL, NULL),
(26, 'Ean Velayo', 'ean123', 'ean123', 2, '2021-05-30 11:11:01', '2021-05-30 11:11:30', NULL);

-- --------------------------------------------------------

--
-- Table structure for table `menu`
--

CREATE TABLE `menu` (
  `menu_id` int(11) NOT NULL,
  `menu_name` varchar(255) NOT NULL,
  `menu_type` varchar(50) NOT NULL,
  `menu_photo` text NOT NULL,
  `availability` varchar(50) NOT NULL,
  `price` float NOT NULL,
  `created_at` datetime NOT NULL DEFAULT current_timestamp(),
  `updated_at` datetime DEFAULT NULL
) ENGINE=InnoDB DEFAULT CHARSET=utf8mb4;

--
-- Dumping data for table `menu`
--

INSERT INTO `menu` (`menu_id`, `menu_name`, `menu_type`, `menu_photo`, `availability`, `price`, `created_at`, `updated_at`) VALUES
(1, 'Lechon Manok', 'lunch', 'https://upload.wikimedia.org/wikipedia/commons/thumb/d/d6/Conching%27s_Native_Lechon_Manok.jpg/1200px-Conching%27s_Native_Lechon_Manok.jpg', 'available', 250, '2021-05-12 16:01:24', '2021-05-12 16:01:24'),
(2, 'Beef Steak ala Elsa', 'lunch', 'https://encrypted-tbn0.gstatic.com/images?q=tbn:ANd9GcSVnZpJRVQ8WHciB-ChFT-iKmsjWZMnlF6dmg&usqp=CAU', 'available', 150, '2021-05-12 16:01:24', '2021-05-12 16:01:24'),
(3, 'Crab Cake Sandwich ala Marj', 'lunch', 'data:image/jpeg;base64,/9j/4AAQSkZJRgABAQAAAQABAAD/2wCEAAoHCBYVFRgWFhYZGRgaHBocGhwcHBkZHBoaGhoZGhoaGhocIS4lHCErIRoaJjgmKy8xNTU1GiQ7QDs0Py40NTEBDAwMEA8QHxISHzQsJSs0NDQ0NDY2NDQ0NDQ0NDQ2NDQ0NjQ0NDQ0NDQ0NDQ0NDQ0NDQ0NDQ0NDQ0NDQ0NDQ0NP/AABEIAMIBAwMBIgACEQEDEQH/xAAbAAACAgMBAAAAAAAAAAAAAAAEBQMGAAECB//EAD4QAAEDAgQDBQYEBQMEAwAAAAEAAhEDIQQSMUEFUWEGInGBkRMyobHB0UJSkvAUM2Lh8RVyggcjU8IWotL/xAAaAQACAwEBAAAAAAAAAAAAAAACAwABBAUG/8QALxEAAgIBBAEBCAEDBQAAAAAAAQIAEQMEEiExQVEFExQiMmFxgaFSkdEVM0Kx4f/aAAwDAQACEQMRAD8AtOHIhdVGnZcNbBRgaCEdS4Dm2hbGFaTdqNZhRqpm01Kkix3CmHkha/Ztj/whN6rV1TqQpKlWrdiqRvkCT4rskGHuHyK9Dq4oASYhV7iGNL5De6Oep/sk5XVRzGY8LOeJWqPBmN94yeQ+6nGBYD7oPy/uiadMNEklx5/aFzUrWtvzWB8xY0JvxaVU5PJk1F7WCC2PAfZGljCO6XaWIdF+om/ok1bFtFheJ6StYepJmIgT6Sue4azxOigUARpVeJAs4jYCf7IujUc27TEjQEGJ26qvYTioY5rhch2h3vvzTvHYlmoLmuN4gFoGwg30+agWhu8wi3O3xLvwN0sDrkmd7GOmxUzaDKhk5szTqHOYW9BBgqhYLjrmjK1xPe92OVweYV14fxEvaHOaZ3gEjS2l5i/mF1dPmV1C11OTqdO6MWB79JBxOi8PAzuyOs0ESMx577Tfmh/bOw72NqQ4O3DSRA87QrGAHQTOmmyp/GMWKtd7Zgs7uu255HVVqAMY3DsniTTE5DsI4A5jziGFoO96A43Bb9QhG0C0xtseYQlGo9lMluV8c4aRfQHT1hPsFFWnJmeRix8rJmLKSfTzUVlwhRzz4uCtXNV6ys/KYI8PLYqKoZC0q4YcTK+NlijHVr6LljxEreJw5zSVG182Qs0CoJi3ybKr8dZvCuAwjrlA4nAZrm6WpIlTyuvjSCQEDWqF2q9B4l2TZUlzZa7mPqqrj+zVanJjM3mPsi7jlYRGQuYUz2EagrQouOgRCEYO5bY4gyFI+i4ahRwpKjKnxJwAWkvWINiytonujsVexU7MVCEZSWVxAsVplVGrMZIU9OokGHr80yp1RHRS5KhhqSl+O4mxlh3ncuXilXFeOC7KZ8XfZVmpxK51JnUpORz0sdjxjtpYa+NLhLnH1QoxGsbfvdIqnELa97mPkgKmLcd4HJYmA8zap8CWWpjwASXAAcpv5pRW4o557sAbIN2KJ1PwXAc0Tb4pdAXGXCziJifgp8DisjxPx0I38Utz7D46rWcHnYW9UtlBjFaoyqWe6AIkkXmxJIhMXcTI1LXxYZmmdIBBFjYDVKAx5g5Ytcktb8yjKFRn43AyIOWbHmNBOnNKYesYPtGNDibIa4ZWPEzMkO5WGhTLhfF/ZPc54JzgmRvoLg6XAVVfWDDDWyAdSAT6wFJSxUkTvp1UW0O4QiAwoz1fhvFgSIBc13KBlJixBIjXaVNW4XQLnVSCMxHeDgTLjrfT18lQcHxN7m90tBabg90kCIIOhI+6c0+NRGdocDqHdbwSNfNbVzKy/OJibTsGtDX4lxfw1hpGmSACIJtPQzzVfqU3YEe0puNRpIztcdBs4QJHx1SfE8QLphzskktAcTA5SVlLiLzZxnp080rLqUPIHI6MPHpXA+Y2D2I3/wBXbXBc203ib2UXD8eXlzTq0+rToUpZw3v56Lg0kEFpnLPMRorP2doxSy1cpcSQCIMja4S9O7tlDX+fvL1KImIgD8faQ1O8ErDHCoORTZ+HLXEaQuHUZIPVdgqDOMRcIw9OyU4gQT4p1TslmLZ3iq28QZFQLDqu6+FY4aBQ5YSrE8Te0kBpKqqEEQHjXZ9h7zQAfmqm/huR5aQvQKWKNRuh9Eg41gn2cGnyGyBidvEaDK5isIANFWsSzK5WvGB+X3XeirdXCve6zChxbvMtYEsTH/Ra/wCT4hYn0YVieuvqRoh6lUlSsw+bmpWYR29/FHcGoBB2QvFMeYyAxz+yccRe2lTe91so+Oyo2JxJyyT3jc+aFm8Rir5keIxG2yDfVuoX1VG1+rlncxyiEOMaz8Co3v8ATqow9aLpWYx6yZjpsuhoo26E7xbqZH0laDkJhiENqwZt8l0ys7Yx8ELKkahIjBJPabLkMgyFjQpmMJsP3uq6hXOqdVxEO8+iZ0eHEgOBaQTAOa2222oHkoeGcJfWnIJiABzcTbZWjh/C6Zc1jnhxGtNgvI1aSSL9Seadjw7uSIt8m3oxE2m9ukZgdb7Hn90U6u5w1G29r/4Vk4o+k2kWMYWEDXmJyOaTmJOo1VbrVMzHEnvNgXcL5y6YG0OAt/Wgz4gooGHhzE8kRhhng2JgwJ6jT1Qj6rqLXTLspAHVs6oWjjCyOkH1/ZTOhXactVw1BblMQ4NMmx11+C59eKmu4XwzFSQ4RBEi9x0IVgwj3Gq0hwAmLfEFJq1enUhzA1rjsGxtGUgeV+icYLE0wzMTDtI5wixL89A8RGZiVsj7Q/H14eQ7UfEbLhtQJfjXOe7NooA5zV6NeVE4DCjUbnEBciCgWYgbqRz+RV1JCnU2gIKphGO5LTqpWjVAEqqlgCE4fCsYNlDjGsIKD/iHONrhdOYSLlQCSBvwrDaPghmcOpgzARL2EFRNBnop1LEn/h2cli7tzWK5VSbDVwLaInMOSXmnuP7rMPVg3uguHUWdrnzTY3ZzxPgLqkY18yrz2mINLNyK89r1Zg9bpZ7MaOhB6pUZN7aKTEH5f2QmZLYXDUwppXYQzHrtj5SCsevUnc9Y1+6jxDMpg6wDHiJHwIXAcYVbYY5k+ZEUxLc0bx0sgIKna8gRty29FRAjIXQcLGJRNOqImZO+tp+6XMaQYhSsJGotG31QbRcuWngPEGscXiQAQHbgzoI8M3omdahSJe9j2l/eccjnMdcyJBAHdGpbEzoqRRqZDIEx1hcPxrzo+Gg2A/D0B1+KeuT5aMSyWbBj/E457m5SHENBE69ZPSQlL8ReWy7LJvoJsD6qMPeWkd8j8QuZI5qXCYR9U5WNyjmbW6pDcmzGqQBIcPiHF0G/9kypYsvMAl7xprbaJ0hFM7N5Gue9zYA7smAHHQ+X0Vfbg8Q57shflcYgSA4dQLFV7tWhbyOpdOF8MrnvOIbzI+hTalh6VOqPaVDnIloOgm0u3M31QnA+C4hlNp9sRNsrh3QVLi+C15zuYHEm5aZ0+imNdrbiIzGMebh2odV0Y/cxzm5mw4c2mfggKlQmyVUsbVpWyub0ghSs4s0+8LlbV1iebmbL7KfvGbEJ9kTupQ1wUeHxbCfejxR+UO0IKeuZG6MwZNLmx/UpgftToV02lOllJWw6iexwFgmxEkZTymSPMIn27SErbinwQWlChrnTBPgqlRnVIcbeq5fRJHVLuH1TnLdU0diCLQpL6gDqbli6dXKxXJZkdXF7SuafeEpeQJk3K6FRxsJ8Auc2qA4XmdrD7Ldhuc0P5nHGe/TLWmXTPkFQ8bTcw94WJ8vIr1fh/Zmq+7hlHXU+WyU8a7HVBRf7RoaxlwWls335keKiO5FsIvVY8CELjNnzzPPGsJgXm31+6Fy7bpzhMAS4kvLY3IEQOpRGONCxc4SPy2+OiN8guplCyvOaYXTGlEvxFIH3T+sIHEY4GMrMsbk5p+CgBbxCL7e4ZXeXulxkwBP+0Bo+ACjy8yFBhcTIIIaTzgT5TZH4Xhrn+6CULDb3Gq1ixNUw0kBtyUXUZkvbkmeA7MVHaiE2xHZCplB22OyzM4J46jATKXUxjWxm16BabjqTjdzm+Vk8xPY+q6yBrdiazRmJbl8YPxTVbEezzFtvB4nXtIDcjGEc4z5vEkn4IWvXLjdob0Ex8Sn/AGR7KPzl1QwJs0GfMwn3aPgDAwuDb8+qBmAbbd/eWORzK9wHidTKabCI2mDB5X2P1U2G7Q1GVCKrcwJg2AI6g/dIK3C8Qx0t8iCjizFtAdWoF7bXcCD+ofVPUqBtaiP5mnEy1tYRrx/i9ao5ooty0QIzubIc4iD4RpHimXZHEVWhzagDiT3Tb4AKTs6cPVa7N7Wm42c2ZBtbM1wIeOuqtvA8JTa1rmxP4gABlI6clWRBQGM2P5isny33UKwuCquAkQ2QSDYonvUjYd3Qg6j980XxDFvazNTgmBYib8oCBwPFP4lsOYWOMtvuRuOisbUO2+ZkDOw3ECvMZsZTqCYB8YQWK7O0H6sAPMW+SqvHsbiMNWDwHNZABP4SeR2Vh4H2nbXb3hlIiT+G/XZPCKwoiNbBnxqMuJrH2PUW4vsYNWPI6G6TYjguJo3EuHNp+iv+L4lTpjvPExIaLk+AQfD+PU6xIAIPWFnbFh3bQaMmP2rmXh6I+8ozOM1GHK8T0NijaXF2OsZHyVyxnCaVYXYD1i/qqvxLsc4SaTv+J+hQlc2PlTYmxc+i1PGRdpmMZIMSfBBiiZOqVP8AbUHQ4Ob46InC8TBd3/VMTWDpxUVm9kNW/CbEBq1jSqyUy/iS8S35KPF4NtV4IILUWQ2kyAtisGFjqcjJjZDtYUYJkf8AuFikbiHcgsRQJJwrgNSvBjK38x+gV14ZwOlRFhLuZuU0ZTDRAEBdLJi06JyeTN2p9oZc/AND0mgEn7Q4V1YMotkNeSXmLQIgH5+ScrE5hYqYg1G55j2g7MCgx1Sq8PZBaxjQWlziLZr6C5gLzPFYInbw6r2bt7iASylrYu6ye6B81RKVODmLLAwJ6bLKwCtxNSsSvMo7uGvj3T6Ky8K7L08g9pd7rxyCe42kBfY5YANjI+6XPY+buLSfkNpQZGeqhKVktXgtGj3gxrgP6o+ELG8boM0puB5DLHrKCqYR3vA5vioafCXvNmOI6fSUpNp+ubsPuzwZYMN2mpuIDszPKfiE4PH6LGy5zwOZY+Om3RVXD8AcXBpBZO5Nh4wEz4h2YLGS6oSz3QNJPLdNC4OwY5hhHmGv7YYc2Bd45Ch+KcYw9Rh/7ne1bIcL+irON4OWTkaX3s7MI8YAv6oLB8Mq1SQGkZRqL3O0KHDhPNwLxeDLBgO0wa0NnKY1iLg84i6ZO4qK1MPqvLGTEZZJPKBvuqtS4dWY6Ccg/qDiPkU2wWCr1GkOY0ZYyPy90yTcHSbfFFtxqtg3IyqBdy5cAwtBzWvaHXByueL7xY6Sm1SmHAggQdlQcRisW1kipBEizB6kxZMuB1sTUzOe6B3bCJgTJ6SZ9OizNbdTMSBzcbs4HT9q3M5wBdLWiQHSJAB8BtzPkwrYn2dbIGe1Y4Q2G3YdjmMg/ittHVKDgKhIBqvyl4dE7AzFtFaqIDGGLzcTqJRoGvjioDuPW5zhcQ4gtdTDSQYvYgix5td08UfhsCwQ5tjH+YVar0aorNcyplp3L2mTcEERoQNd074TjA5zhINmkQQdc02Celsfm59JmyN/T+4TxLDCtTex0XtcWXn2GFTh9Yktz0j3XW/CefhzV94nUcCA2xO+yrHGfbDRmYTGY6EbhMORlbgcRum1Puwcbcg9iWjE0aeJoh1MtdI7p2NtCRcfRUDGUnYeqQ0uYRq0wYPiNRG6ZcIc7DirUp0XZ4AFPMA10ic0TcXUuEfVxZjEYNlPPf2jTDhyJv8ANBnxjIoK0D6wcmnsEqQR6kgH8S18ExAfRYQZMDN0O6OhCcM4eyizKweJOpPMo1aEBCgN3MUDxmBZUblc0EdVSeN9knMl1HvD8u/lzXoJC5IS8mBX77mzTa7LgPynj08Tx/D4p9N24I1BR78R7QCLHlzVs7R9m21gXsAa8ejuhXn72PpOLXAgg3WM+8wNx/4Z6FPh/aOPqm/mPRSW0HT4q6BoVif8cPQzn/6M/rPVlhWLYC1zhSo9ieNuquqYd856bnuBJ1aXm3kTHoh+3faBlDL7OuBXY7+WLgyCO+BpAM3Krvaj22Dxr30HZHOaXSBIyu96QQREj1hKezuNwxxPtMa01AZOYy4B8zme38Q9Y5csYytQQ9+suqnbuLVcRFWr74tysNI6LTeL5jLyJB8Lbx1Vr7Y47CVqLKlGrTzMOUAEAkOgRGttfVeeupkuMQeahBDVc0KbWOcVjM2QnQRBHJQmpndl0i45Sont001GvRdMDQ/WJ15Qga4S1CBhO4XCWuImNky7PYuYYddD4rGPBLWRMzmgGwhQVMBlcH0nC8/DmEp03L8vcaj7W5lsYxokmIAVU49xFz7t9waA/iHNHDE1HNyOsHDbcbqHiXDS9haDcaGNIiFWJK5aTM98LEmBxpcJDS6RaDIBjefVS4N5ovDrwSc3+Oi77P8ACHUf5jpJFh0nUg7p/Upstmi87fNNZFIoGKRmHJklLH0XgSZnaCdVL7fO/wBk1hDGNnNoC7YALGYVrILQL30RDnhutpCWuLabJjmzbhUlp4ZvJapMDZAEdfHlzXVN2hv6rp9weifxURfMkoO/ymAkix8kqpQNzqNbpk42hGnXMFu+IM8TrBHW67w4a0hzWARplABPT4oSpXAJbImPNBUscXkZJI3I+nX7JT5AouWAOzH+Ixkkuc5rGMs4GM2aAedtQqvxHtXVdULGNENMAEAkkWPgqt2opMZWfmLi+oA9pLiIucwImCJAOmyC4ZiHS15PemZ5nr4/VaEYsm5fPU6eh0yMu+gSQaueg8KcariXNOfdp2B3HRWOnRLGgJHwtp9rSfoXMh0bSZA67q31KaHHiK/Mez2PFzBqVCOCBV814BgdHEkG6PY+UvqUVug8tKcCR3MpAPIjJaK5a6V0UcCclVftdwQVWl7B3mj9QVoK5cJQZEDrRj9PnbDkDr4niuUrFdcf2ULqjnNMNJkD5/FYub7h/SerHtTDXcur6kJZxvirqDM4ggag7+C3WxSR9oKwfSLF02NDiePHcGwvat9SqaraAc0NyuE3jXWFUuOPoV6jntpijOzbCeZGk+EK4dlsPSp0XPe/vEO7s/lm0fvVULFYgPc5xAbJuOXRZsxoAE9y9wANCJccxjNSTHxTjAmlUYHUwG/mZMwfNbrcKwz6Wc1YfFmDLPml+F4ZkOZlQh3hIPQpYYAVKV67jMyTHKR18Vw6oBEAzOqFbRqNAkh95Ny0kea3Xqn3i06+MeiosKjQ4PRjvhdUZgdUwxOJa1hBJbaTHvAblVjDY1t3TED4dQjqfGmEQ97RPu7tPSSLIRfUbYMsdJjS0OYcwjcyfFaPEmtF26a9PFVz2r2d+iXPZ+UCYM7FEniIcQXtAdGhO2xsiv8AUBiF7jWrUY98j3gAfIGVxWxTS4HpfrzCQiuA8HM2Ng0kujwI0RlasA0ZWzvBInoqsesH3i+sKx/GxSaHHnAA8YhOOHva/vk5pAi+2tlUauN0c9rT/u9Bc+KkpcZexwDWF45t/L57q9w7EoOCZfGPaBPwXH8U0a22VCxna1wADKL5vMiAEkq8VxNUk3aNLGw+bpRfMftC3KOzPUXY5jZBcLCRf4qSnxphbmL2xHP7rySkzFYh4ptDnEEy67WjYydSPBNsRgjh25XvAeB3g05j0tt5qm3KAYDZFkntMTjMS8gljASWjMW9wOEe7cnfyVt4fUFGGFoy3l1y6SZLvXZJuxzgXDSTc8zykqyY6luBusGbUHftI4mZ3LGJ+0nCBiXU3ZmADVx7zoBsGxsd5UFPgwgB1VogkiGO3jUz0CZimTYW6qYU/wB80WPWMg2r1NWHWZcIpOIy4XSh7CCCALETBixsdLqzUcVmdCTcGo5WyRpcW1nWPQJjgcOXOLrgE76razZGCMvnuN1GU5AC3dRi9qGe1GubAhCVgtgBrmZhO8M/ZEoLC6o1EOpRmiuV0tK5U4yrF0sUlyuEpRx2i8sJYE1ldU3AESJG6Ei+JYNGecUsU9h1uluPY43buvRO0XZxjmuq0xcXe0agfmHNqodc5eqzZVAHzQzR5gP8MQWm07xzXbXFonWNtCVt9Q8ih31Iul0K4kVFPc7ZxmmXZXNewzEuAifEGydYbCudGUeZNh5qv1qDXtMAFBs4aIglw6Xy+iH5DyeIZ0oJ+Uy0Y7g7Hie64xeHCR4mY9Ulw/Zms+SWPFOQe8WkwPyxESh8K803CXOyAzlB1i4F7DxVuwHaxz+4aWURMgzb0RA10YXudnJPEUcQxGJa0sosbky3cRJB3bBNvQofBVH1Gn2sB7IAjQt2n4j0Vi/1Smxr3Ve6DGUCSTz08lVhjmufFOed7Wm6Am1oD9wHUMpYGR4dz3Fz2sznNlAmICXVKmIzZ3PLCXAACbifw7QFaMJUDBZggzbx5qbiNSi5gaWnPE5jsBeGa36lErgeBMgMTVG4hokOzzbKWh0g85QuE4hXY4sDGMv3iG/K8fNb4hinEBrBAA3Gv7EIjhP/AHGkugOGo+RCscL0IbY2UWROmYeu8lz6jcp0t3iJm8BGNwxZemMxPvZu75zKIw7MzWun4aIg0yYGihi5Pw5tdzDkOU/iySQdgCT1KmxPCHU25nEFztRuJ3PNNOFn2VM2MmD6Ef2Q2Nrl7pVNtC2e5IpwtF9E56UB42Puu6dCmB7SYiINOlPi8+osoaeLpZy1zw1wiQ4FvncI1lFjzmaAQd+Z3PrKyZFU8kToaTArk7x+5FQ4tUJGZjL7NDx83FWzh7M4EsLSRNr/ADSrB8ODntI2VzwNJs2Fm2Hkm4dMj9iMz4sSDgQjBYMNYARJ3+yKAhbWiV1FUKKExE3OXlC1UQ4qOFZlSPDMRC01sLasSpi0tpL2l4wMPTJHvus0fXwCFmCqSYzFibK4RezF/Eu1FKnUczXKY+AWLzyqC4lxNzqsXP8AicnrPTD2Lirm56ICthA8Px7KzMzHSNxuOhGyNaV0AQRYnmGRkO1hRh+GxUQCYI913/q7oqJx3g7nVHvYxrQT7osGnp8/NW0Fc1m5hB20O46eCXlQOKMETy3H0ajLZCEtvoQvWmYYEw8Dp1QON4DSfq0ApS4dvUYpAnlmd7DLfMbFE0uItNjYq2Y/slYlrlUuI8Icx0G/gqbGD3HK5HU098ybI7gdInO/aw8ybfvokbqFVg0MdVZOylbOyoxwh23zB9QQg93UrM+5airjuLzuyAAZJHidCfgueCsHet70AnkBJt5kegSuuYc5pNwSDPOU+4ZSDWtjcT5lRvlWovIQuPaIcxkW358xsucVRJZnaJLbHwIRIol0nkp6bRkcIkiSPEBJqZUNMDK93S2TEoXAYprH30dbwuLnwErdUEyFvhOGa6swP90XjnFxKYleZ1M1MhuWfAMZTAaAXNEwTuNj4JjLXEEAC1/ultWtmdOo6LsYgtufKOqvcROXUe0MQ0kzcEQN/Nc22Hj/AJSzDPMOMGBHxsFJSq26T+/FKysSKl1fEH7QYTLUbVDbABjuvXrqrDwrDDILQdb8ih6WEq13SW5WAyM1iTsSNfJWTC4TLG55lRMTP31Ox71caBR3U3gqEaCCfVWXCU8rQEJgsLFymIXQxIEHEw5chY8zFy5bJWoTYmRldNbC6haUlTFpYSq7xntOylLacPf00b4nfwCF3VRZMbhwPlbagsxjxfitPDszON/wtGrj+915pi8TUxNXM6XOcYa0bcmtCIFKtinlxOY7uNmtHKdh0TtnscE2feqEWOjj0aPwt66nosLFs7UOBO7jGH2ehJNuf4kFHsl3Rnqhrt2gZoPKRqefVYk1XtBiSSW1MoOgEQOgWLR8Mkxf6tqP6v8Ar/EqtGrUovzNJaRuPkR91beGdrmmG1xB/O3TzbqPJU6hxR4GWqzO3no8ee6LpUadX+U8T+V1nem6RTpyvImk6nT6kVlFH1npmHxLHtzMcHDmDKlzLzBjKmHOZri082yPXY/FOMJ2te21RgeOY7rvsfgmLqB03Ey5fZrfViNiXdcPZO6T4PtLh32z5Dyf3fjp8U3ZUBEggjmDPyT1ZW6MwPifGaZSJA9jgNJSPGYIF2YhWUuWiAdQoVghpTcexjm5bAquYB5o1g7yPnp8V6TieG0niHMCSYnscxxlj3N8YcPolupMLcCKlO4vw5r6xdoH3mEa3C+ypjvgwO7YnwsntTsy8NDQ9jsuhu0/IqKlwOuHDOAWjk6fSUlg1UQTB4IowDhdcuY7PDS2S4nuiDpruicDiKbzDXtg6mduq647wN72wxrgJZmbHvNBk94b7+SFwHBHscXezcA0W7puef0RYsW403E0YdNjeyTUH7TYBjXMdhyYdOYAWBEQRI3k+iQGhUY4Ey0gg6Rpdek4ZlX2XuPNrNynU20hLX9matQOc5jw+YALTBaAANrb+qc+AKtrHZERVJ3RJhKuYXN9wjnOAAUlHsviwYFA+Jj6lO8B2WxNi5gafIkeEmAfJZgjdVOcU5iNlF7/AHGP8gb+YVw4Jw8UmCR3jd06yiqXDn02XIje+Z3oAsOMbSaXPN9hAJ6JZyJib5jzLFLCmHYJphKIFybrKNBtRrHfmbmBFjBAsfVG0sM1ui3It8wi1iSM6LqFtaJTagza0UvxPGqDJzPaTyHePoNEkxXazanTPi76AfdKbMi9maMekzZPpX9ngS1EpJxLtJRpSA7O78rb+rtAqviamIrzmcQ38vuj9LRJ8woauBp0W569RjG75iB6AG/qPBIOd24Qfszamiw4vmzP+h/mdY7jdfEEtFmn8LeX9R3+S3hODiM9UgNF4mB5u38vVLv/AJVRByYZmcgTnf3W+Tdz6JNjeI1Kzpe8kctAPABUuns7shsw314VdmBaHrLPxDtG2m3Jh2i2joho6tbuep+KrTqjnS9zi5x1J1UYAC72K2KoAoTlsxY2x5ghctrWZbVypPj6bL6KsYsCbIrHOeCQ6QUEWrFhxlBybhCwKMMwvGqzLZs4/K/vfHVMKfGcO/8AmUzTP5mXHp/ZIC1ckJrKrdiGmV0NqSJamcPpVL0qzCeRsV0OG4mldhcOrHf/AJVRIRWH4nXp+5VeOhOYfFKOEeDU2r7RygUwBH3EtNLtDi6dnQ8f1Nv6tgpjQ7Z/non/AIu+jgPmq1Q7Y1hZ7GP8RH3RtPtPhnfzMNHVkfQhSsq9GWdRpX+vHX4loodq8O7UvZ/uaf8A1lNMPxSi8d2ozzMfNUunxHh7/wAT2HqPuEdR/hDZmKYOjsv3UL5h4BkOLQP0xH5EudFrX+69p8HA/JG0+HyqMzgzHXZVpnzI+6KZwuqPdeP+NQhWMzjtZR0WlP05h+xUvDOHt5ImngWjZUWnh8UNHv8AKrPzKna7GD8VT9bT9UXxJH/EwDoF8ZB/eX1mHA2UgphUHNjvzv8A1N+61kxu9R36x91PiT/Sf7QfgB5yL/eeghq4q1WtEuIA6qgHD4o6vd51T91FU4c8+/UZ/wAnkqjqG8IZfwOMfVkH6lh41jQGOyFt9CXAR6qoPaXvkvaepdPylGVAxoh+JotA8PqUFU4tgGe9i2nozL9JWFtLkdrIle40o+rJf4EuGA4zSo0mhznPLGwMo2J6wo6vbAfgou8XED4CfmqTU7bcNZo19Q+DvuAgK/8A1PpN/k4UdC7KPlJW5MecKFsCUG0adAn8mpe38fxNQQwBvVrZ+coarhcRU99ziP6jA/ST9F5tjf8AqdjH2aGMHgXH4/ZV3GdpMXWs+vUM7A5R/wDWEXwxP1MTLGuC/wC2gH8mevYj2FETWxFNg5ZvpZJcZ29wVK1Nr6zhvGVvraR5FeWjDucZM33NymWE4cLGx/wjTT416ETk1mbJ2f7cR/jO3mMrd2kG0WH8gBd6kfRLaeFe92eq4vcfxPcXW38ETQw4adBB30iLIxlO4aDJ0IHrZPCzMTfMHw1N7O+wDKCNDoeRRtOqCdgeUz6LVQDQz1F9rTHwlDVMsGPXWPKFRWWGjh1OwKkqMhqDwtSWhpdIG7rHwMn0ReNeAAFclwHIFim9kFiqSSdp2CW2CqzlixJjBI1y5bWITJOSuSsWKSTTkONVixWJJKNFHU0WLFUkAq2cYt4WWMx9UaVHjwc4fVaWJ46i27h+G4pXn+dV/W77prR4pX/81X9bvusWITKbuSHileP51X9bvuhMRxSv/wCar+t33WLESyorxHE68/zqn63fdCOxVQ6vcfFxKxYrlnuchYFixQyGaWOWLFJDNt1TTDtGXTf6lYsUkjSj7q0NfL6raxFKhTfd8gpqB7n75LFikkHrHueX1UbPfb+91ixSSW7g9Fub3R6D8gRXGKTcje6LaWFu+sWKjLETrFixVLn/2Q==', 'available', 80, '2021-05-12 16:01:24', '2021-05-12 16:01:24'),
(4, 'Tapsilog ala Elsa', 'breakfast', 'data:image/jpeg;base64,/9j/4AAQSkZJRgABAQAAAQABAAD/2wCEAAoHCBUVFBcUFRUYFxcaGhcXGhsbFxcbFxsYGhoaGhobGhcbICwkGx0pIBcXJTYmKS4wMzMzGyI5PjkyPSwyMzABCwsLEA4QHhISHjAqJCk0MDIyMjIwMjIyNDQ0MjIyMjI0MjQyMjIyNDI7MjI0OzIyMjIyMjIyMjQyNTIyMjIzMv/AABEIALcBEwMBIgACEQEDEQH/xAAbAAABBQEBAAAAAAAAAAAAAAAEAAIDBQYBB//EAEEQAAIBAgQDBgQEBAQFBAMAAAECEQADBBIhMQVBUQYTImFxgTKRobFSwdHwFCNC4QdicvEVM1OSsmOCouIWJEP/xAAaAQADAQEBAQAAAAAAAAAAAAABAgMABAUG/8QAKxEAAgICAgECBgEFAQAAAAAAAAECEQMhEjFBBFETImGBkdFxBTKhwfCx/9oADAMBAAIRAxEAPwD1UCk8Dc69Bqaja+ToNPJfzblUU+w8jA923aqKIzkTtf5AR9W/QVEXJ/cn9BTQOX5QPZdz71Ktqf3+Q0FMKRfX6/2Fdyk/uf7USUA3P5mnLB5aee58gKDkkFKxtjC829hP3qaQNFUn0GnzroQkmTpyj7/v+w7oo/OouTf0CkhQegHrr9BSCdWP0H5UNexyrzzHyihf+KtyUfMn8q5Z+qwwdSlsrHFOStIsjZHU/Oum0eTfMA1XWeJEtBGh2jr6k07E44geEgdZ1P00pV6nC4uSf+g/CndBD2G6T5gkH6nWhWstyMnodG+VRLxVxvlPsQamfiKEbGfbT0NLj/qGKtS+zDL08/K/BC0jfSuSaOsXFcQYMfP/AGoXG4Vxqmv+U7+x516EMsZx5RIuLi6ZHJ60u8PWqpuJ5TDKQeh0PyNPXiq0eaNxZZ94a6LpoBOIoedTLikPOjyQKC+9HSlKmoFcHnTqNgJDbB2NMayabFdDEc6xhjKRXM56/v2ohL3UA04pbbmVP0rGK+WBkGD60Va4g66N4h8j867dw8bMDUDJWCWtnF2355T0NTMtURSprN9k2OnQ6j+1ABa0qhtYtW38J+lTMsUTCpVyuUxh1KuUqxgQf7SPsn61Itok+fzP6LUmVV3PsN/c1G987DQeVABJ4V336D8zUb4g7DQeVRAUprBHIJMn5dafjsUEA2zSPb99KYg/q1AGsfaqjiDSw9/y/WvM9X6qUMTmv4X7OvDhUpJP7l5Yx4Kk6AwTBI5e8/Sqq/iGb4mny5fKgWYjemd9Xh5/X5MsVF+O/qduP0qi20F5qWagzfphxIrk5HR8Jh5bnUbPQLYzTeoHxoot+wViLI3ajN+ql8ZUQxVK02UWNGp4fi4NW5xOgjboeR9ayGAxNXli7I1Ov0j9a9/+m5JRhxZ5frMa5WizfJcBV0lY18vfl6is1xjhfdEFSSjTE7g9DV2jCQCJ1jTfb/eisThQ6w+qx11HmPMTXrNckcK0YYrSk1aXsCVYrvB36jkaibC0nFjWCLiGHOiLfEXFcbC1GcPW2gaLKzxQHejbeKVudZ42acsimU2DijTCkVqisYthVjh8eDoaoppgcQwV31pKwO1dimFGFKaVqWKUVjEUVPh8Qy89Oh2/tUZSuRWMWVt1fbQ9D+VdIqtH7/tRlnEzo/z/AFrGJaVPyGlRswDXaRNDX8RFBugkl28BUdoM4LD4VIEcySRoOm9DIjOwA3NW7hUVUG41+4J+9RnK0xktgmMYqsczVZibTMAw1OWdPLQ/QCrTFlSYqIgAeAR7ya48vplki4t6OjHmcHfkocRiC3i00AH3/WhHumrHHYZtWHPy/Sqi7PSvn83pZwntX9T18OWEo/KcbEGoWxBqO41QlqWOL6FuSJGvGojdqNj0puU1aOFvwK8iRJ3lS2QSahS3R1gAV04/TeWQyZ/YssHairXDW82gMHlVPbuedSDGBeevWvQxqMPB5+RuZbLeu2pJBEE6x+9DRVriJuanUGNdiKgwPFhcGRiOhnnUBsMGKppuV9K6+knF2jnr3Wy2v28xzDWQKgaxU/DZNvXcE0SUq8XyimTlp0VTWKY2Hq1Nuo2tUeILKhsPTDh6tmtUw26HENlO1iud3FWWJARGcgkKJOUSY9KyDdsrVuM6m6rGcyLke2PwlG0f1kelJLinTGjFyVo0dq6y1ZWMUDvWb4Z2jw2JuMlvMsRlzwC/XTlVuLJ1MhQNSzGFA6kmmjL2A4vyW0VyKzvDu09m5e7i2WYgE59ApjfKN60iMG2p4zUuhZQcXTRwVwrToqm492htYQDOGZiJCrExtJJ2FGUlFWzRi5Oki2K0hVXwTtBZxVvOjqrAlWRmGdSPLp50fh8VbuFgjqxU5WgzB3g+dZSTA4teCfXzpVylTABb1/kKgAroFSIk1B2x+iz4ZYyrmIEnY84/Ko7yjO067ewgafOaNTwgCIgUBim8ZPz9hSZaSV+4YXsq7tw5z60Zb1FDYl9dqJD5UE9NPXnSQ03saXSG34iqbFWgdqKxGIqvuYip5XGWmPjuPQDdta1A+GMVPdxJmmvcmudYYnT8WQEUrvd0SKRE8qKgkb4jZAigVNZIJ12proRURHOmAG3r6jRRFQP8OYUPkmikXT50e+xeh+FvqOWtbHCZntqUK5huJ3HL3rI4fKryUVgdYYDQ+Rq1HEgqxbUJzME6/M6bnQU2OfBuxMkeXRqbCECGgMfFpznnHtTyKpuD8TNwkNuo+5q5Nd+OSlG0cs4tPY0ihcbi7dpGuXGCooliSNP1J2A5mmcUu3lX+RaW42s5nCCOg6k+wrz/AIn2xxmGvhMRbTMBIWEMBh/S6yR13pZ5OOqY+PFzV2vyehYTEC6gdVdQfx23RuvwuAT7VW8bu389u3YQyWBdisIF5eI6b784msJc7aIwvXMjO7rkKuc6KjaEKggbxvO5ma43+KFzuyuTxHTQEQIjTxaHzFI8nJVv7FfhcXevuy17QcQ4nhnuOVBsLu6LFsZtDv4tJ3OlUeKsYSzh0funxIuaviYuBEZvhRTsrD6+8Cy4FjcTf8VvGTcKM961fH8s7SEiVKmQIyg71X2cX/CYTEYTEJLM5uIqkNaJ0YKVMZreg2PtpUm43Vvf1KJS9k6+lDcP2RRw74bFq1wCUtkBGnoWZoPqOoo7E8N4jew6W3tnvFLSO9tSVGstDxNYvivFrdwWzbtJZZVyuEnI55NlPwka7dfSlwjFK1xRcN029ZS0R3jtOiidgazi2qf6DGai7X7LnBcHx+HuC4MLdLLsUAubj/0yw2rXdnO0l97hS/auIdIzWnST0ggVgW7RGzcfuGuW0khUNxiy8oZtJIM/anr21xn/AF7mvV5mPWmimnf+wSmpKm1+NnteIxeW27xLKhfKdCYEx11isX2Wx9rE3LuJxAXOWIRW8QRNoE+X3PWsvhsHj79v+JBzIwYZmueIwSDM8t6C4LhnQsWOp0gGmc238yFUIxXyu7+wd2n4Xbw90nDkNbfUKNWQncenSvQOxXDu5wq5j/Mfxv5TsPYR9axY4RdfxRWp4ILigLrpRhFcroGTI3DjejVTSqFWNKuk5CHSjMABmBP7NDZDRuDQc6kghVx6qsRJJ9jz5/farG6efKgVuQC3P6bwPsajnipKmymN1sgvLET7UHfvk+1TXrsnU61AzA771Dl4HryB3XNAPVs1v60DibJFCUX2NFgDiki1N3J6UkSKFD2cKVDiEIGhg0ZFQNqaDRkwQZo11puadhRFxDy0rioANa1DWRKKnYaD98/7GuqVpXdYjp+dagWORuutSFKEbEogOY+9T4bFoy51IKjnQloyVlvwp8h5HWT84AP1+daq3cDDQzpWE4beNu65ZpUkEDWZPiOvoRVjd7Y2LVtSFzjN3eYGMxgmQYg6iD8+k9OLKoqmTyY3J6LnG8dw9tij3VVxlEfE0k6LlAMnyGtYLt2Xa2HZFDeJXJsulxrasrByX/ozNyiCYiBUXGeIoly7ew910NxpLwpK3CdQAVDInKZnr0rGYniN+/dCnvLtwkqFGd3ZucKJJ0H0o/Ec20g/DUEmx2FdbbeJBcUxmRiwBG4+EgyPWi+0vC7aC3dtQEfTJPiUnxL5ldxJ1231NAOr2zkv23R18RDCRlaMp0O24+m4NWGPvWzat7kgyYAgAba76liPQDpQ3FobUotldicS63GuDwHTbQTlHL2+tF8N7Sd26M9sXchJGcTvvrVbhnzNJWRM67UzH3B3jMViSToI3p+EXtrYnxZLSejRf/jhxne4pR3Slg6W0t7q+pK6gKNDHoaE7OcAvvjVt2bgBQi4bq6qiiPFJEE6xHMz0q57EYprrsbxJw9q075CPC4URlzHSBMxOvzrRYTEYBIS2LmHNwlndLhzAAHKkiZUiT5EjTmA58dMyx8tpfgz3+I3ZU23F+3bVEYw0XCxZvxsHAIZjMwI2M61QcJ4Mr5WZiIOqxpE7A1r+1nFv4lEdVCASjGNWQgOuZuoy/8AzNN4fjrVu5hcK1uyA+Vrl1oZo8TlSxML4QEjcE/PLIjPE/4rstsTj5w5tWUJhYhFkKvttVN2Twc38txSMu4IjWl2t46cRbRMPKIC8KujMFIBDqNTGkEgaE8xNC9heJN3oRzMyJ59RR5cpL2Bx4x32envgVGw0pyWQOVF4Y5kjmKjZYrpo5iOKVOpUQHRU6DSoKkR4pAjcS0Az9Kq3u5hlA21n1OmlGYjQmmWYAyxGk7bnqa5syb6LY2kD966p6HaglUSSTM6D3/OrDFa6bRVcts5o9zXK+Wk9llWxto+Ig8qbi7uWJqRzlctGh/vtXBfVlJdcq7CefnTp/LVitbsrnc7inmSJo58KIBXY7VM2DW2ue6wtr0Pxn0X9aEccrA5Iprr5RQjNcOq22PnGnzOlWr8Sk/yLQUf9S5q3qAdvah3R31uXWY+Wgqnw67YU/oVLve6Kvqw/Ka6MLduHxXLa/8Ad+Qq4t4a2P6Z9SfyolQo/oHyn71qQbAMJwbriLXyf9KN/wCB3d0uWm0jRiPuoFSwOaD5U5AvIR6Uy4+wrswHaHgWOS611rFwoIhrcXFgbyLZJX3AH3qHDcaFtDbuW3yQCCsRmYZkDHkNNRvAI9PT7N9l+Fj70sbg8PiRlxNlHP4ohxqDo6ww1A50zhGRlOUTz7C8etxnNpdBlgHKoLSA5jUxAkc5qOxicOiFLlq26wEVs2bIGUHQaw2hEjVSxgyNLbjXYB7Ze7g8t5WVptPo4JHxIwIV2B1AOWI2basbhcIrXFW4GTK5W4vw3BlUk6OPAZ0g+VTeNxeyscil0gHH+G7dRZCK7ACZ8IYwCefrRvCcNIF3vkt3CxQBSxvRGpB2TQwD69Kbb4DcuXIW4kMM2Z86gSTAbwkkxqcuYb6mKHxvBLttvCyXF3LoXKLqoOcsoKGXQajXMImqJxapNXRNxkttOrNRxfFfxFu3ZZoZHuKRlVRA8QDEGW1J3AG51Mmqizwa7dWVNsW5yo7NkVnZgAiZ4LtsdJGUzNT8O7O3NLly7bVHV8kq7M8hgjFApUKSs6tMcqHxPEO7Zu9Rbtx1yvnAdWQgbT4kdY0ZSI6VovdXY0lq6pAWLwlyzfyXiAdGOVlYEHUEMpKkfoana7auEDQdC2g3A0PvPsa1nBey2GxVm3dU3brKFR1yui5yQxQNGUqMx1DCABzNXXDcLgr4uobfekOlxwxckTCuFZfhCgEknefSm5K6ZPi6bXRkMFxy5bwt3Cgo1suVnNm+FjmyRplY6+dV2JbvCrbZmgxy6fQVse0HZLCKLjWlvC4rFjAHdopKmQkeJNYzLPMnzylriq4W2UUq15wwdxkKlCxyqhiVBAE66n0qGTuu2dGJ2r6RLet3L1p7FhAzh1uhVKpplAeAxgnQaA89OlUWPxE5WGjCQ28kyTJBOhgxoBoBzmZOH4u4LgCXIzyJG/i3iaP4zds3WNy6W73KsZAiq0SS7yCSSCBvy508U1Vgk002mXvZLGYnDW2cFblh7bFh3mSLjEBQDIOb4oCkEgNtFR8Fwh/jnAWIc6dJ11HIxHyrP4DidtctplzWj8YbTNPMxOU9CNq9K7B8OU3muSCMojMZZhlCyep6mmx2nTJ5aceS/wC0a3APDAddKIxSQab/AAhVxGon5etE4tdJrqOQApUqVMY6DNcrsUqUwLiL0FV0zOYieUEk/Sg8ViHysEEsuvqOY8jFTY3Dksr/AITMUEMXIgA6kg+v58q58ie1ZWDppha4pXRXXUEe88wfMGagFwwSd9fkBrTbTHMbaqIy5vIGdZ+dK+8Ejl+VcjTuy1ogYggHXSfLz1oa9dB+Iz5DaOnman7mZJJy/h8+n9qN4FgVL5yJCDN/7v6frJ9q0YSk6C5KOyU3RhbQe4Jc/An4env9qzGIvNcc3LhzHkOQ9BRfaDFF7p120FVZeumTrS6ROK8+QlrgjXWmnFNyH0n70KbgFDXsaBziptlKLH+Iufij3/Supcb8f51RPxFetcHFV86RyYyiaFXb8dT2br9Z96ztviy9DRlriSHmRS82Hgaa1f6ii0as9hsYDsQatbF8GmjkXkWWNlrh7+U+VCdpOzSYtTcTKuICkK+oDgj4XI3GgAbdfMSKLs4Utbzgg9QN/wB+VEYG4VaDsa64u1T6Od6drs8SxeLuK5t3FKXLOa2UaRllsxzAGCAXcyo1DTJEUb2Qv/8A7KqAjSVYBkD6jfLO5ClhpqQCNa9H7c8NEJiES0SCquXthuUW3PhJJUnLGvxDpWCxb28STcdTZugFkfIkui+Ei4ECqxBURABHXrGdQ1R0Y+U1d9+DUcYGHuFUWRaTwBFlQhDCTEnOxUEZumXQwawGB4XbLXbmJZxbtvlAWA9xuhcghRAk6EjOPWtFhuL4dEe3ez/xMfGrt3bgw1sBRoRlI+IAg8xyquK8LFy7buWR3rOVD27YljCyGgbAgEHoV8zWTb+5nFV7pB+K4jGHVrCd0o8KhQYgb+ItO4Lc5zkkjSbbh9lygxU93nlLmRwl1lII7zKs5TrmymJKkayJr8dgbltC7GyLYS5bVQwLjVoblqyp8RgnNoKA4XfvWXt3Sp7ssQZIhhoCsTOnSJ59Kmo1bVfUo5N0gg9qsVbDBmN6wfCtwrKOoIIYK05WGWI1gzB2NG4jtAiMBbVEGUNmCCcxT4gT4lYgxmBnnVbxzjQuW4fKGFwrbySVgDxkz8SkmROswT51+IvW3uZraRbJRArHMAcoES0nUDfkeg0A48u7/I6nw9n56QbfwVjFF7jh7N0QS6RlfXfIdC5kGQRO+p1MOB7P2ExQW7dFyy6kWLhVkt96IIW6rlQTEiA8EnfQwRwG1YuNkuBygCu4TRFhiMzDUlJdcwA+xm1vcTyPaNx3XK4uWrad3kyoGVVk6JpIAiRAHPRlkcHXa9/ZCyxLIrVJ+3uzL8U4O2GQM9tP+ax8Wcm5bVgVVShKBSrZjDTGoJ0rT9iWd3upav3bSvlcrlUZB4yFVnzLkyNZHeFcx8MKNTRHFu0NvGq1rvBaOkpcUZRquZwQFPeRmgERMfDzqON4C6ivd7wXDkHetbAKpcDBVEADTKgl4gljzAmryLtfogsclqWv8o9F4Vxp7jm3aPeW0OV7xKwSBshULnMwJygdBEE6W4ZSfKvHuz/FXW5eIhe8uM5C6DMzFjA9Sa9XwDk2VJ3iuiJzTRDlPSlSilVBTgpV2kwrGInFU+NQpLqJ8vzq4ND3kkVKasZMp+FX87wT4oLNHIDcR0nL9KOe3zgSSI1E+gHnUGGwsX1YD8QPplO/lpPtVjjVjbfXntHP5mufjXZSytxBiFBnWSep5/L9at+z6zbujmSB8h+pNUvrVj2dxUO6nYwfv/8AWtB/MjTXymV4gp7x5/EaqsZi1QSTWp7ZYTu89wfC8EeugIrzLE3TcYnoYApMz4ui+JclaDsRirhQuNB05x1qsFxnIUSWJAA5knQCrPAXeR9CPyqz4VhbSOLunhMA67kEem0j3rkearst8P2LbA9g0IBe6zaagKFE84MyP36UTd7AqPhhh5m4D6TMUXZ4rCyJIrQ/8TYEgRoYoP1GPqmTcZxMc3YBm/8A6Jb8xnc+fhMD61Q9o+Ctgntr3guB1JBy5DKkBhlzH8S6zzr09MQ1yQfCoIlj+XU1mO1mAN6ArCULZc0GQ0SCRoD4RB9j1CvNGrp17spijKUqMRh8S06Az5VocDxAiA1VeDw11PH3VwqZU+BiJUw3iAjQ/atHwfgQxSly2VIMNGpfyHMDmfbrCym7SRWSio22XHC8YQQVPqOoq5e2CMw9axwt3MM/d3R/ocaqw5gHmNZ6g+ta/hT50I3j867vS5OXys4s8a+ZDu0lnvMFeQ/1Wrg98pKn2MV4DYSXhWYyDHWI+9e59t8cLODuCde7eP8AtI+8V4Xw633l61bzlFPxsNwiy7Rv4oUgcpjlXVkJYmaHhfYzEX2DXLtq2kDMxbMUj+mBCkhApjPpPUNGqwvDcDglW5/zLijNma5nJhmyFQhyWyVIbMdVnQE1lMfxhlU2LWZEBAIIHeXDqQ1x92O3l0AgUJfdQhBuA9QWBMj/ACcumuv0FRTlJaLyhGL2zTYjiWGxjBHtAADLmVnRgoOhOpzEbag6bdDQ8ewdyyVud4LtlYyQQWzSQouOqjM2sy2405VWWLq5lhW3EESZ16b7Rt561aW+0VtFGlx7RBRlhSHB0OjEjmNTtA6UvGUXfYzlBqumZh2BZWJZxAzLosbyqnXy1I1M6U3vQOoO5nnrp0pLbLSfh6bbGSB1PPWm9wSNTsfbX/YV0ao5d9l3hsSty2QoVbo+Eg5SRGuX/N95PMVPww2c+bEQyAqCjsw3PiIKj+nUxpNZ61ahoaYmPcRI8t+lG4nEnMoYc11ZiWAmAAR0y9NDU3D2KLI62bl8Xw22Lp/g1JE/84ZmgDwqsmUMRsZmegqo4Nw43bk4dmFoIS5d4AEEFFcjWZAA1OvSqu44Odrji4+aDLZmZdSsNzOYLM6xpUdvi1y14EgIV8awDJJYHxRIMRseQ6UOCa2PzaejTdmcI1y/DIEIIDhQAsgDURpqMp85nnXrwXLbA8qwf+G1430zuBmT+WGHNQAYbzGYgeUdBW7xj7CujH0c2X+5gtKlSqwh0iuGnkU0igYiIprrUpWuZNKDRiC0sNI6Hp+dA8Ru5joSB0+c/erLJPlVViwBrI/fpXHnlx7LwVle1x8wQL4SNWkaeUUVhVyuCJ18J9DQVziaryP0qvu8fIdcqH4l1JiNRyEzUotXdjtPo2WJVL1tsPf+F9mB1B5EHkRpXnPEOA3ME7C5DW2PguAeFvI/hbyPtNeh3LcyDt9v7VCMSUBt3EFy2wgq0GR76H3rozYlkjTEw5Xjf0MlwpXdZs2ZVeYCoBPrGmlHX+F4l5V7YQMBJYgf+JMnp61psG1gwttskGQjfCDJ1B5nXfX2qLi3eoMwVn6FfEB56bfIV5eXA8ceTtv6bR6EM6yS4ql/PZncF2ZxBULmCqCQGYg+Gd4GuvIVd46wlp08RIacx05RsPeoLXFcqgEwQBM1T8YxFy4EOVliSCZBIMco8q8+WRSVJb9y8cE5T29F7iXDaKynynUD0O1AFWkLE6R5D9N6K7PcGd0FxiFzaqDq0fiPrV4eEBUY5paJjSNNftWj6TK9pf5A/UY8T43fgfhcttFT4tJk7GfL6VIcSAD4QPYc/wDegGvGFGUkdRqdfIelS4jDNlBJVF3YsYgenXbpXSpZp/LBdLqv2cTjG7k+wbGurqVKqxE5AwkZypUcx+Lr9qnwNsYS1musM2gUDUk8h5n9KDbi9tNLC96/4zpbB5wf0+dU+LxDMe8uMXfl0Hkq8h516XpPTygrk9/+Eck1LUejPf4jcVa5bCT4rjbT8NtIY6/6ig9z0rG8At5bouCWypcLabArl3BmZaNumuuh/bPFH+IQb5UM9PEzA/8AiPpS4dctpYupJzuwzspzKFUKySoG0sw0I99BXTPpi4/7k/YBxGJQ5cxE7HfcAc4PppQ+Hwt285Nq0zSxgKpJEyY0HSfkaCxNoh4kNOoIOmuvOtX2VxS21ksVdXkqwBV4+AFT0M77zyjVW+EbQdzlTKJzetmWUAjrE6EHUb9IriWQwkbk7bgCNT8/lrXoPH+J4Rixv2zcYmYkeEBSMgP9QmJMCNQOVVvEOywuk3MPeUOc3ga53kxJ8FzUnSCZzfFJK60I5UwywtIxV3CsCozSdlB39B86Jt2X6geYGpn7b0SuACNN1nS6rkSVtlVynnacDMJP4oMiAZ1N4bhpJsXLfjDoA1tlzZQHzAM5ytLFRJ1GXppVORPgyiv2WBMqWkGDJkNoc3nzpz4e44zkEZAFkDY/06jrB+XnV7isMbThLhGpIAOjiJgleYMHxDSQRoaY1ry0ockHg+jPWsQ+oLTJ56mYjfcaGisBg2uOEQSTHt5mjG4WGaQYB36z5Vv+xfZoCHKwOXU+ZrXydIFcVbNP2H4QuGswOfiZjuWiCfSB9KtrjySalvQqhF96gFdCVIi3bFSpUqYwTdtR5ioSKlt3Y0Oop7oCJWsYGNNankVwisYhNUHFbLSSNq0LCoblsGpzgpLY0ZUYxrQ5ihcRhhvWtxGCB5VW4nh9QeOh1I0S6ieon6VBfURrUmEM20/0j7VzELKGujwTKzE4UHzFDi5dt/A7r5TI+Ro3EggChsRcOXWlaQyEeO3xGdbTx+JNdPOm3+P59XwqN55yPyoW82k0KSIqTgn2r+xSMmtrRb2+02RQqYYADYd4YGs9POuntRdPw2La+rFvyqkBFdVqCxpPSX4C99llc43i30zqg/yIJ+Zoc2C5zXHa4ersSPYbUy2/P9PzqZGnU/UzTi9dEjOIhftA9hQd1tCfMD61Oz6+gquxN2F+Z+QNEx572jzPiLjQSPCB/wBon6lqbw+9ctuHTwnyJHOdeuoG/QUaIZmY82J+tS90OlDTBtbRDj8LbvDvEIV82UpooIjRgAPCB0j5b1U3rFyy0PpPRgVIOogieoNWV1QDJmCCPCJaf6SBImgsSYt5dDJBOgkEid9waRJrXgZtS30yRpe4AzCSBqOenLyma2r43DWLeHcZbjIuVrbZwc51LgliCJEAADrE7ed4e0wdDyLADWtTbv3EzZCFOXKWJiZG3yP1FLPwkUxPtyLjiF6zdtC6LZDoi3VK+Fsu72+8jmsqJBjfXWjW4jg7KHu3RgSGBXvAPC0JFphqy5A2YsCSREgmc/jbpuYS6tshLqIA6fjQNmdrcDw6AlhzBbyqiwoXKrPqhHIwQdjJjfw6b7jnMFWlozactmk4lxBcWVyWwMjQpzMxCOQQni3AIf3c++iThgyxlrKYMM5XIMoAUgARGk+8TE/rXp/AcEzW1LamN6pCF9kpz3opOF9mA1wMRp0rdWra2kAG/L99KkS2ttfOhHYsZNVjFLok5N9nC0mTThTa4WqgCSRXK6qE8iaVAw+uo5G1Rajf+1PmiAIgNtoen6VEyEU0VIt7kwkfX50DELLUbLRhSfhM+XP5VCyUoQVkoa5aqwK1G1uazRgbDaAL0P31/X5VIfhNQ4olDnAmNx1Hl50hdDIWUyDqD5T9DWMRYxPAKrccPAKsr7fy/eqziLfyxSyGQFiT4BQpbw1LiX/lj1oIv4amx0PDV0PQ6vXO8oDBqPpUq3NKrxcpwu0UBhb3dzVJxnE5bfqp+pAou9fgGs3j8V3lwAHwrGvUj8qJiK0DA8qnYmKSCjEwsgT1PLlpr++lKjMrXslgRFVDvbBZCW35KCCR6sK3NrCrFY3iHDwl1s0kFiR5iZgx5dKLXuKr8C4dhe9OmVSgDECZeDmJljCwqsepgADXSbijyqoQYLEkrqJkZQesCdNOXQ0Q1i5aUIyZba3LjZWKBwxhRqYa58K7SBE6TQjYkv4QY8RJ8vwwfnSrch3qIZwW4hYpdbKpt3LecH+l0ZYI5/Fp7UJgeEXncCzbJJ01GjD/ADA6AVedneHq7ABM7Ega6IPfmfQV61wzhduwoLwG6c/YU8YWJKZRdmOyDIA98hnOpA2nzPP971ry62xCgE/QVDcxRbQaD6+5qGqqNE27HM5Jk02uE00SdqYB0nkKJs2QIJ1nYc2P5DzrtmxG4lt8vIebHkPKp5A8RO+hbmf8qjkP350rYTh87hB5gTA9NKVdluWRfI7ilQACq/8AccvlSNrXTQnlyPof1pUqcIxX5VIDXaVEAhoam72dxP3+dKlQMdFoHb61E1uKVKh5MRXEEa1l+JWbuHbvLRDKdWtkwD/mB5N5/Oa5SoS6ChmH40l5GyyCsZlI1E+Y0PsaGx+J8AFKlU2Miuv4j+WPWhu88NKlQGRGGrneUqVYYjN+KjuYwKCTsKVKsYpcXxJrnhXReZ5n9BUmGw+lKlWAaTBtYVQBhw7ACWe4+UnqETLA8iTRGJxxdQuS0izMJbRdf9UZvrSpUyAyJEJ0FQ3+zJu/E2WduZpUq1IAXgv8OQY7285X8KhVn1IJq9XsXhbEAWAWP9TtnP1JpUqPFIHJsscDw9bettVVusCR/p0hfXejEskakkk8yZPzpUqeKAyYVxnrlKiKSWbJcx118oou0ABmGg2zRr0hV5eppUqRhHnSFjU6hZ36lm5+n3pubUmdV0Zo0XyVfzpUqxivucUtqSO7Bjmdz66UqVKsPxR//9k=', 'available', 50.75, '2021-05-12 17:18:15', '2021-05-13 10:06:53'),
(7, 'Puto Maya', 'dessert', 'https://i.ytimg.com/vi/eP9DOlo64pA/maxresdefault.jpg', 'available', 20.5, '2021-05-13 08:27:06', NULL),
(8, 'Fruit Salad', 'dessert', 'https://encrypted-tbn0.gstatic.com/images?q=tbn:ANd9GcSgCN20zPdzXZuO9YbNqjtZuR1eZWwW84iWoA&usqp=CAU', 'available', 50.5, '2021-05-13 08:32:50', '2021-05-13 09:55:08'),
(9, 'Fried rice with chicken and Cola', 'lunch', 'https://encrypted-tbn0.gstatic.com/images?q=tbn:ANd9GcSnOdMaSejVjVSVfl7EoWrvR1AbTZESlvF-Tw&usqp=CAU', 'available', 55, '2021-05-13 08:37:39', '2021-05-13 09:51:14'),
(10, 'Chicken Fried Rice', 'breakfast', 'data:image/jpeg;base64,/9j/4AAQSkZJRgABAQAAAQABAAD/2wCEAAoGCBUVExcTFRUYGBcZGxwZGRoaGxocHRscGh8fHBofIRkcHysjGiAoHRkZJDUkKCwuMjIyGSE3PDcxOysxMi4BCwsLDw4PHRERHTEoIygxMTEzNjExMS4zLjM0LjM5OTE0MzEzMTkyNDExMTEzMTEzMTExMzExMTExMTExMTExMf/AABEIAOEA4QMBIgACEQEDEQH/xAAcAAADAAMBAQEAAAAAAAAAAAAEBQYAAgMBBwj/xABCEAACAQIFAgMFBgQDBwQDAAABAhEAAwQFEiExQVEGImETMnGBkRRCobHB8CNS0eEVYnIHFjOCksLxNKKy4iRTY//EABoBAAMBAQEBAAAAAAAAAAAAAAIDBAEABQb/xAAuEQACAgICAQIEBAcBAAAAAAABAgARAyESMQRBURMiYXEykbHwFEKBocHh8dH/2gAMAwEAAhEDEQA/AJq9inZwAKYDEaSAwg0XjMue2wdVkUyTLhcTUy7xXzp0Oqnt3cCwmK1HbiueMsySx2oO9YdLkLxTi9g3e3JpiCxZEBpJIp9tI3qsw2CuXQNqZeGfDSxrYSascLl6r0r0V8VSBykHxipNSZy3w+ZBaqTDYUIN67YjEJbEkio/xH4pG6oapVQuliyxbZjXxJ4gSypAImvlOd5jcvuWJMUVjXe4ZYmtsHlzMQIoinIVBPUVYPBPcMAVUYXJ7iINI3p9kOThYJFU+GwQ7UaYwgoRVSTynAX+XMU9t4rQIJp6lkREUmzTIjcaQSBU2X4q5FKCx6zOoVbuhhNB5livZj413xNoWbXPAqCzrOw1yCdgeKXk8kjOEjERm/CJb4KzqhieaZF0UbkVDYbOL1wBLVsj1O1MsFk165vduGOw2q8NfUIpX4jH1vEK86TNaXLVbYTBrbGla7sKK4EGRK44pe1dnBmvHtzXGcNRd9qjYmjLLhhtQ2Jy4NROFw2gRNJUve4xuNanTSKhfGtnzb1bm2ZmaUeIsr9opjmmMLFQOp8izCzBpbiUqtzTK7gJ8hMelI8VhHj3G+lICt6w+QiSso37C/8AI30NZW0Z3Me8/R+Hy5WTcUHmWE0qQop+byDrQ9/G2+sVPl8ZXFRqZmUyTyzI2d9TCqhMsTTBoO/ndtOCKT43xMOAZ+FNTEqigID5GY2ZTB7dsQIpRm3iJUBg1LYrH3rvugitcJkNy5u0n1NNAMXYgWbZ7cuNAmO9A28IzmYJJq1wXhi2u9w0wttYtbIoJ9K21E2iZM5d4fuNErtVJgcjCgTFdWzFugAFA43OUTd7gHzoTlAhrhZpQ2baIOa6Ni7a9RXzjM/GagEICfU7D6mkNzMMbfUvbVisxttU7eSb1KF8PVsan1TG+JsPa3Zx9amc1/2jputlGc+ggUkyXwc1wK15zJ3Imqlslw1q3pRBI9KFszFSwnNjxIaAsyMxub4zFSCdC9hz9a6eHciJuhn83xp9ay7XrITTp/GifD7r7Q2iNLjeD1FJ8fIMhtu5rlgtjr6Sly/BIAIAFMPs3auFhYFFK4AkmK9HnUj43BLmEaZrheVhyKcIwO4Nb6RRB4JEmrrmK1W4YqiuYRW6UDey0gytGGEyLhxNBXMeQ2k9aa3kK8il2IRSZNKcMSCpjEK1uZjWIEiispsl1lqHtKDtTPD3dIisCcSWucWsVNny62RBUUFcyGz/ACiiDjd4FbBporgVA/8ABrH8g+lZR0VlbZnVIS9nF9vdU1zIxNwcxVfby5ZG1Fpg1B4rgohcpCYfJLjGWZjTzL/D8dKp/sqgSYApJnXiNLcpb3PesZlQWZwUudQsYO1aEuRQOKz0e7aX51JZhnOoku8+lKMRnze6nJ2Hc1I/kg9SzH4hOz/eWV/GE73Hj50sxfiK1b2XzH0oLNPDeINq0wJe4/KzCqPjR2Sf7PSzBsRc/wCVdh9eTS+bMLGhH8MSdm4PgbmMxjeQeztg7sf0pzictwoKLcUvdHXmfjVtgMAltAqgAARUv4iwAt3kYaiWn4eg9Kh8lsqgEQDlvS6m9rLsOw3RSB0gURoVEhECieKQYRbq3CLraUXzAL94n19KY+2usjsi6lEnbmlNlZRVdxjlVHImdsJe03Q+56aelNcTbB8xXST3qMw2KZrD3DrW5rIUDmB+vWqfJ8Mwwtt7rsWYT5ugbj8Io8ORiCG6EnGQMQVUgH1PrA0xyglJEmiMetu3bNxoLx5e81M5zhBauteR2dh9wjYEcRHNG4fLmvoty5cZSBuBBmdxW48nzUN/WYM6s5X9mdk8Wnyo6wI9717V5mfiIXUKKwHwNS13AF3u2g8BZgtsWjoPWmeT5BbW2r3GYsR16fSmtmYggmVKvBgwH1j7w9m9wKNZ26E9ac2c6cNBgqe3SvlOLxd+3cZba3GtgnT5Z/Kjsmzu6Qda6TsBNH8XIqgjqZkxK5LGtz7F9tECiLT6hNQeBzu5Kq69Kc2/ESqN+lVY/IH8xkL4T/KJR3LYPIpTmmSaxKGDReX5itxdQo0P2qtWsWJORRkibL29mHzom1B61Q3rauIYUkzLK2XzJx2o9N3MBqcLlvtW1i/A3oKxiTMGiNYPNcamwr7SKyhJXvWVk2OFTrQuPzSzaGq5cUR618vzrxxeuSFYIvZefrUxcxVy40+Ziepk/nUzeRf4RLU8MDbn8pc+J/GxuStqQnfiajcXmjN3J9KY5L4ae8ZuNA7CqC34eSyd7YZe5qVwx+ZtxxzJiHFBIbCYe7duKnu6jHrX07I/BuGwoW9d8z8y3Q/pTHwxktpGF9kAY+7PQUN4/wA3VR7NYLMIpTZiFNAXMRnyt82hGF7PbJZbdtgW6nsK9u3CSIYktxFJvCGSSiO8S279yegnoKNx9tbdwpaJ9BOwPUio83lMBZGupjMuM2BKHG4gL7OyGOpoG3MdTUz4gz9Uv3lJBAChfTbc/WlmMx9yxc9sGNxlBBnt1j1oWLX2E38Ss3bz6kT73PlWekjntNErnOtjW4hcyhgfQXcOtY7EXLKPbtghtgSR5t4EVU5Hgblq04uFWZ4ICjZdtxvzvUbaxrIhuHyqg1ADZVjgAcdt6Aw/iy6rszlyW4Ukwi9yOhO2/wDWnFOJ94tvNUjYoCXee4NEw924BDSGA2ENsPhvxURmWcYiw6q4ZkkQgghXjaI4544ovMPF1u9ZXCgxccPJPCwSV36mI47VPXWuWrXt7x1OZW2V4UcG4ZHJ4HzrGx8j1quveafJylAqUQff0hue53pBk/xG5H8s9PjWuDzW4LSpaYCFlpiT2gn4moK5LMdMkauvNOrOcKjABQQpg9zHO9F/BhFATZkmMsmT7R3ll3U5N9yIMoN9u8xTi5mSLcUBvJPx2+VSz4j2qtcAjfaOs7/h+tF4AIlktc5YkW16xG59BSmxXs6M9LF5TluDbqPcN4g0sbarsTtIB2NT+b3ycRCqxA3JAMT1pSb5S9CSQBzTSxnrISBE08JQF71Hc6NiM7OdXCygIYiJpnhsvZ1e5cJXeRP9KBwS3Lmhwg1TuYgVSezZIN07dV70tnVRucFJgyZlcsLqBXT1mu3hTxY9y+4fZT7vy5rjj8YlxbllbawR73FTeWYM2QXZxqU7RxTcOc63qR+TjIYEf1n2PD4wNRIf6V8+yjOSwA61RYDOlB0Oa9QODJiIXnOVBwWTZvSpj2jISr7EVao/UbigM8yxbqll2YUfc4GpN+3rK4/4Ze7VlZxPvGfEE+e4XJgBL7ntRICpsABQ+Pz1Rsm/rSlL9282lFZiegFQiz0J6Xwz25qVSeJVtDSg1NRXhzG3cZiALjH2SeZgOPQGhch8CXrkPfb2a/yjn61UrYs4Wyy2RudttyxofI5IlkzkfHdKP6zp4kzyCFTaNhFKsJg7jWrt+5bL3Puegpv4Usn2T+2QAlpUkeb0pnmF1ymhXAJ6AV5pCgEsbJhjICKXoTMDg39hbA8rlRPrQ9/KLq3NaspA/mMc02S95Rrhdt4P7ihMzzBFI1MFAEEk9O/rSsiI3fcWcZyECSuYYO8HFtF1ljBAMkjkmTsBTjDZcYWw4VzcE7x5NPMVwseKrKuVVJ5Gs7E/ARtWea7ftkNoFs69foeY7yNvnRKoUgDv8oxvFbECGWr9/WZj8hLRbBGhWLER7zcrPp6d6R5lkBVnuMZGlYTgsR69uNq+gpcDqbiEFekHmNiakPEOu/buMrqttVJifMWXeI534oyH5AA73+Uhz+NzwsuMb/zILO8JaW4jW2YH7yzq36wea2zHGX8W+lIUbILe/TgfI0yxfhe4hRncBtOoqI8vxk77Vr4ay+yMQS951I8ylFDCRud52+h61ZjyqV0bInn+GjUFJ2L1F1vw1imOg2ymoQGYQC3QT0nff0pJhMsu+1NvSQyzseNvUdPWvsGYZzau2iiXP4iCA76bcOOHhyAd/wCkVGXLLiXd148xGw7TEnv3oh5LLY19JU3jvdjfvAPBtp8S5VzotrxAgT1qg8Y5Itm0GRpBG5O8EVv4N8OXFDXbd1WUHzDYySJ2I/Wu/jC7OFdSGAUHUxMcmIH825+FYSGe1EpXGFBkHh7LId3lWMk/lW1zDPrBRS28TsPn2rLKlEQOJV2hARGoQpkT08y7+tPLoZgpjcjeOJFFlcofvJ8uYoNCGZXmdxNFtjpk7Bd/qab4pLtx/wDJ0JPJ+dT+CQrcUkExMAc05wuYXLjKsKAfdBmTHMVISt2Y/F5Q+HbkD0gGMy/E6TcUrp1aNKkk8xPHE0U2izoW7LSNxFPcuxi6SEZEG4I4hqSX3uXi4MMB5ZgDntRcgdAR4phfYi/F39NzXaGm2eB2rc44rBLT610v2GtWyCQwgwY4PrU5hMSQra48v4/CqFLDfrIc6hdqJ9X8J56rALqmqq2/UcV8VybH2dOtX0uOlfQvCWd+0GlquxZC3yt3JwblZrXtWVx2715T6mz4r4Z8GG6Q15oX+UV9KynKrGHUC2ij1gTSHJ8ZAAFOLQd6SuhKXdmOzOmJx7klVQn1rMLl62wt64eDweBNGYQqgYHYxNLs/wAWxSF31R5a8jy/KANHftHaRbI/3O2fZtbQcjfihcmxisfaTJ6Dv8+goH/Brl92t3SUgKRAmR8enamuCyu3atwm0Agnk7etQuGYc27G4eBy6NzFV1/uLfFGasi+aO5j1oG5lhxNgXva7xCgg7b/AI/ECgcZYN28yMSUXdoO5HQelM9bBANOhFjSOOOAB2rAeIDdn39hATynxkN7bEnMnwCpfnEyEXVOk8kcesU/8OP7e87SRatCArbyDwI68Uyy+0ipbLoCLpg7AzJIPrS/KcM1nEm3bJ0MCSTB2HG56zFUfEBomOfy8/km2rfUsMpEa0CoqIAF0iI1SSNPHagMyxFtFZwEI4nb6UNfLWUYpcDBml5+8Tt728f2oLH4hVtlHQMshgDOxiNoPagfKaoa+sRkc4VFnZg6XUxFwIVPm2YhjMdY/lmANqUXcBhrDXGUkqhPVpEbbH1INErjiLdw2VVXggEzEnaevAnip3L8vuXLmlmlW8jtvA1dxPJo8K2vG6kS4mvmn/k65AqXcSGfcA6wCdi0batu5n4gVc5JkYa61+4V1EyoXcL0g9J53qExXhHEWWN9GDohHErxzIBJEcVc+FMwe4kohU8MDuuo+6Qw56/WqnGxWxPUT8O+4yzRwqsijeB5EGn6EelJcbca2sJbBJ93UdZ3n4idqf38uUWiGclyATvGkneF6gTSSxetW7tsvd1aCxOtgTDe8J+8B0J+vSl1829H7w7+X5ZAeI81u329mV18aTG6lTwB0I2+td8VcuLb5ZT12idvhTjx6luxet4nDm2wv8gCWO3vqQeOAans9u4pApu2yqPBDd+3B9R9ao4E0ABX3nmO7fEtgK/Sa28+YWhaJ86SFJ6zJ5+Zphl2daQiXB7M2wQfLLntHxPWplbYbm4FJMwSRPbfvV3k+EtX8PrvBHZIUGdvXzRvPUV2ZMdbEdn8Zc4HEye9qXuPoEhiWkmYJr3LMRdFzQFYqYjtHeelG5pl6I6oq+yJABWSQ08EGTsabXLAw9oO2lioELwSCe/9qUWWqEfix8F4+0Bzu8ALltjEoYB6mO/WpTD4ZkVQwMECq3GacUodVCuNtz07cUtWWsujgyODHUdKauQ1UF0DRbawSEyDFXnhgKiCDNQODJJ25qoya6VIqjCx57k74lUWJc/aj3ryk/2msqy4qofk2UwBtVLhcJA2FZhbYUSdhXqZ5hlOk3Un4/rS3dFFE1NB3MuYFWGphS23bt6tZ+6YHpTfFY5DbLKwI33FJMmvrc1qDxpMx3nb47V5GZUOQBaJ7noIhZSzDqMsWOx3ikOa4a/pKoDpndpFOr1pQrMzEiI32n5Uux2PQWyu+kjTG8EVJ5BTkOXftBJVqS7nmR5ElvzunnaPNq59IHFZmGCWSQo+n60C+c2tJVHYOiEi2ZJIUTttJ+VeZH4htXwU1qX3lYYMPTSRvTXXkmhqPGIjdTTDX2tSjFdMlkLfcP3o7d/ma1t3lVvMDqYaQw38pMmPjEV5mGHa84sxpBO07jjrt+5rtl9m6t9A9tEt2xJbkGOAN4XvPpUuPGWIJP03DKIpJ9YTnV8KArKYAEAjzdgeKExdhC4tMs+6oPJk8nmOv4Uwx1xbt+26srW4LBhuDBIieKnfGuaFH02lGtz7MtvqXUCJA4BPw21Ux8ZZ9H1IiXTkBY9IsyrNH9o1tVRVgmSCeONhHPPNbZVloRxfDa0uMS4MgllPvbepnsZrvgske3cFyfubjpuODReIbTaV2uMQVQKoXaQCSeJBIO/+kU9yUX5YLIeB49zvhM0FhnLS1tzAUtwBz0MkT3FMcXmOiyj2FPszMaU90D07TUZmeKQgKz6SG3DSNjuaMyfE3JtWbVzQHeCxBuIJ7jYAnjYjdhRY+TL8xqTY8psctmPcPm1tzrJZ3kQhmC3QEEQBWni97bH2JtpPvdoPaR0ND+IkIbQABcMC25Bg3J8slfMu8bD8aa4XLbYf7RfZXuFChUx7Mb8jUPMRBGr1NcKOwalp13JXw7lAuXjc1AqA6WkgQhUqSsTB6j5elN89T2lhrVy2Vhjp1ckgEMdJGykyB3G/Whs7sMt60bFwIisWZNoJ5BDcyYKkcb0j8ReI7rakW2F5BlpPYxG34mmM2V9JW+z7TyvKFG5HZkPZPp+6YO/Tfj+hp5/i7lQhCqqiFVdh3mO5mfnSDMEZzqZoYbb7D69Oa4m8XgADygAzuSQImrziDoOXp3FYszJTKfuI+w+PKXD/AAnPGnYGD1Mx1onO8Tce4jtqnfYnbfj4dqEXFhGtgyBoAYnczM/QTFdswuo1yAxPGqDuAOPhUxUBga9J6yvaxnhMK6jgBmEzJ2NE5W5dWtNuZInnfvNLLNz2p9mhIBgSxJgfHmjbDmwhCgEg7kH8aXsGF6QW2ioSOxgnuRW13M1tmCpmlWZYbEXHlBKzPI3NcLl1wQtxDq6DvVgagOM8/KxF3qUX+8I/kP1rKUezP/6j9ayu+Jkk/Jp9Us4n7S+hz5NzExUl4jsG27KkkdKpLHhW6PNrk+hiuWPyy7b/AIjAQpG535rx2TKp5MCT2SYamxsV9ZvkGbW3sqltGBGzrBPm6metUlprdm1LlVJkgAdfWo+5nvsyPZ2TcuGFA2EsaCa/i3uM+ItlUU6diCpPbVPAnmmKTxZ17PX0Eq/iDmPBOv36x5meLu3Br0t7MCRHboT2qZzTF3XZbFqSz+7Hpzv09aqsVmHs1T2cQVGuSOo23rk2Ui6q3V1WbrhiG07zESOI5pWNF58jv3uelhx/AAYjv99QjJhawzJYLLcxLqS5A91Ykyei7RvyYofGZrbtOdNka2MSqrJPqRvWZhgltW7TLJZZXVI1QRJlzuZI3JNJMLfU3NDE6veEbk+gO8/+ablY6rQj0wAocl3/ANlfZcDQxnWx3Ajbr9BFds2tF9RDDTEkbbg/Kp3JrDJf9sAzNGnSR5iOpA5U8D4TVLj8SFXeFYiT1IA+HJ6QO9CFDLfpJjpgRFmJxltLVsIGVIVRIggFdUkcrsCTPrXzzxE9zC3hcZfaJrDo0+skN2MTv/4qnzHCPibTXRcITeUUkEdP4jA9Y3EAdKnMbihc/gaXuAqdRAAIbrC7gDtT8VXZH/JrLqgZTZrnSvbZ0MW1VSkR5p5G/XoD8KJuLbD4ezpEMGOnogI1AfH1NIMswIF7DWmDez1r70EkKCADH+aOnWqfGYZfbNfZoS38iW2n5RFAwsj+sfm4gAL7D+8k/FGD14xFKgnUxCTGrQpMR1mfwNOvDd1Hs3PP7raCsGFdvMQG4kdY71O49bmLxYa1Km2TpPM3CdgJ9Oe1VfiJ7lqzqcjUIHXTqaAT8N5rcpYYwgFkj8tzyc2Ji9rFmXeIwLha6jMbZcGNMFkOmQTHUHf1ra74hxGKlbdshJiBpgRBiefy5pNlWXkqL9xC1oOByoD77yOeZHHWrPFXLiWf4GH02lHmfUgCiJ2WdTnjp1reK7EqPVH7Sew+FvXLy27jIhaQpXc7AnvXGz4fJxht3d0A9o3ZpJgA8xI3/vXmH1e0XFambYr6BgZUx2gn61X+Ll021vAQfdYdp3j5H864/KhZO5JkxhQaE+dtkiFIbzEFg2pvpCxPzNeWvCSHzptHO/H9q53c8Y3G0BGQGCTIJPWDMR8qNyzPUDNbY6C0ajBgjsWkgAfLmqlOQKP7zlxoR1UEzXKLgGoAHseg+nSg72Xsq+30jTw8HfbaSK+g4t7Q0qpkMskfy9DvSLMMPqkDbt29J9K7kPSNAiTKsKGkqGg7ht4H9qZPZIQkwNJgjuO81mFxARW9o+hRz6V2s4lL1vmVg+hjpNIbe4cFwxG9dfZBiGIkjitVwiRtcj0mt8GQBBNNwNxNGorKvITfT6VlF+zHesq+S1PqmCbauef4VbtkqzaeoPSRQ2X4sRv9a98S4tVsTyCR8wOaX5DqcLEb1MCEHYkbgcDet32ZERgqwuoHYt2M87H609wlh0hWUOYksT5Q0kkwepP0qfXxR7K7AX+GzEsBuw2gRJ9BR65kbie0DEqzwiHYkkxBIPzrxFHygiX+KqnSjubZfoVrlxxrZDCcQOSfiaZYHG61LkQV2noVbpBqPwmaquJNu6AlvWyOV3IYbBp/lkEHadxVBbt2b6Jbt3FZAdTkbkjpqB47Ed/hQhMq7J16D6yjOrfG+c+gofSbqQ93RoV482loMCeQPlU/mF8DEvbwvvklS0Eaf5gJ90COlPAia2AuFV6OpBO3Qs09+N6Q47AW7ftP4juHVjJI94+afLE7iPnXJvGQff8AepuTkdKdGHrm7JiEsYdDddwdbz5UUcmew2k+o5O1N7ltLZm4+u4Tzxzso52Hp1k7GlGSZzaTCBQym+wKhRyVTZeOAeZ6lqXZxdNvQUUXcSwk3GAIt6hwogCQKcECAD194CChO6eIrZc2LaLbLMdS7BW1E7SPvlt+szE71EZ5bYXnCsVIPuj1+G811w1u9bvq7p96SxPE7Egb8TNEY3Kybrm2XuD3yJ3M7x61SgCtYN6+8HmGGo28CK1ttVy5IaAF1cHqSSKoc6V2dcMklrjEkhSYEeYk8CAetD+CsGLlj7RcX2dsT7Nep08k9R5gR3kVt4dxNy9dC29Sn2h0uRzbmSSTsfJt8Y9KW4JbcIMKNRv4UyFMMpuHciQo+J8x9Tzv60N4nz5bNuW0m4+r2aHfYj3iO375NUniA6U0INwhI6dhBPz5r5z4vwCuVYMTcA85XtE7nmPjWkU1HofrBT5hy94tyTFG5YcXn/zIvujVuxmPjxVkb137KqWLYus5UsCRoRAOGJO5IgQN4M9KnEya2cOX9qEQeYyJgRufWYECuVnNPs9gWLTlw2pxAJMdSQs6fhzvRaLcq+0oyInAcW36io0t2LeGvqhOq1dOkywIV+AJHJGykbUt8aZ27E2NLAFu+wEneR8xPaumcWBdw2ECaVDrrn/+g2Y/Gd5rr4g8P32tjEMR7QAAj7twfzAjdD3BG9cvf2k7ChR9ZPXbbpbARAU6kcR2joPWueSYUC9pYe+pMdNo2/E11wOcsl1heARNMAHgsDB3+vptXPNHLXGu20IQr34PcFenWmgFYow3/eQ2iLF7dQSFcRwDAn5QJp7bvI8aSDtPIqJza4t62PIPbKI+IURPrIjntXHC5tftIA7ygEBYGoDsD/Wj+GCLHf6zOdGjKnPcuFweXkcjv6Uiwb6JUGFG0fp607yPHrchlM7bzzXmOwCi8WHD7/Mc0rZ0YVgTiuHmGJ+FE2bUkCtzxXO5iPZqW6jiqxjQCyJK+Qj1jP7N8aypr/Gr/c/SsrviJEfFn1bKHW4onY9xRrZTrRkZyQdx6Gp7JrxR9J2qvwdyQKaMaONjuGXZDoyewXh1iGW7bU9u5+dc7GXLYb2SyULKwDD3SDvv1qyRqBxdhGuBmeAPu+tR5fEVFAX7ShPIYk3Pm2bZT7XEOqAS7OZLEA7yfjWmDw/2OVUy7GWPIYHePUbVZZnl4cKqXSjIZBgEdvyP41xx+Xo1xNUEk7zzsN4I6cV5rq6rX1956ODIgYM+9evpJvCXS9xme57NWkwNlAAAjfknrXa5k4VGdGOgqWXcaQNOrr6UV4ycLbUBRyQR+PPTr07UJb8Q2fsxtKo8qadExp2+HHqKxB3c1muiJN+B7Nx8QNOlbik6lcQoUwWIA6/CqzxBhibusQzBdIgQB1O5Pqd+kxXPIfBt0taxVzELwG0ou+kjYe0nzc9uprbxDokrcW6qAEalBKzzqlevyEbdqf5AOh7xAC5CQTQiDHYK8ntFdGDFYUgBwevKk6aWeD7SW3Z4YONm0mduxU8wRE9KIwOIbWVS+HA3jUSQsxvPXcUZYsjWdS+oYGDvzwZFdz4fJ1OZUSgCKldnVgfZ7SqGBHnAiN3Vp1L3lzt3FaeCMSvtGDeUoukTtuxHE9TFF2sxLW0tkG67LyADz3jbiDPxrhkmXabrM+mAAYkyGUzMDaCJ+dLYkZQw3+k4UcZBjHxxifZ2HYNDspRfQtG4+EV8xwrgMxd4gFn3HmHEn03ANNP9pWda20EnSO0j57b/AA+dReVgLcOlQ+oFW1EwVbYr8Os1WBztvyggFFAnbMMz9u+hDptq0qu8H1NUeXW7tu4L6WkI06GUEGVgbyPvdfwoTIsse7cKW2RIPBE7ehqgvYA4O2CWefvdVAJ24G+/5+lEarWhBDHqJcQMXqFu2CqFvf8AL5dWxZVYyux6b7bUyxOYNYT7Fqa6CgKOZJLMTqmSTuSCB60Xg8WboJDx/Kq24Jjk6tyenAEfOhfDjWzi/dl9LNqb3pWBMkkzv+NKBFhB+/vHsxYWfSLMr8P/AGzUGYrbtXAHQiCSFkjuuzRJ9aKzLIGsoXtOIBnS0nb9/s0pv5j9nzG65UsrOdakkAiNjI7H5c1S+KLVn7EuItoFuPp+8YknzCJjYz06UxwwoDqAMZIuu5P2mtoj3mUF5CgLMluR6RzPwpRj8Czojv8AeJA24PwpnjMJiBYRyy+zdgOCIaCNQJPaRxRtl7dxfZsvnX3CDv2meo45rASu73IFSsp5HcV5Jkty2zEvBABAiJ37zTq0WPvGSsjb6H8q5ZlmhsWGt3GtsykFR95j90ET67x0FA5Tj20ox3ljPrO5jtBpgNMHablyBTxjYWCxrhndk21QxInc9Kc4dweKZJYS4hRgCp2Iq1l5qQIhwSKkP9ot9jXtVn+6WH/z/wDVWVL/AA2ST8XlJ4nyrS3trfB3MfnXTJcXIE04wbyrLciJiO39qS5jl7WX1L7h/CrSOJsdSkHkKMoFbaYmprxa/wDC9rbcoy+9B2MnqDtt3ptg8aNO5560gzPDtec2gvkPvHvUPlksQqi/8RyL8ps1JnC+IrvuXHRg2wIA1SeOKdZIL9x9ZcBE2OoElpE7H02PPWmB8M2bYlbajYeaJI7welDWbzWne0nmVxKniDH5R+VebkHB6Yf99JV43LhRNmD+JLWp0hC6kyx2jeABv13/AApbdyVLn/49nQhdiw1SVlRJG3I249flRviK7et6AmgDQIgTufj1/rRuBtLbT2z2zqgaVYgiY3P14oUHzb6BsygglaHZ6jzw5au2sMlrENbLpK6rchSsnRAIEQsCPSueMsu+oKx2jYgEf1r3y3cN7TqyEmCeY3/GaT2/FFuz5L5IIUwwEh9MQPRv36U9c65H4kUPSSoCpNdiJc38POL63t/KrEhFMtIjzEcgb9+lIcViIcSZk8fvire34xtNZ9oyOoZTpJXygzABIkgT97jepLxjZT2dsuArSEIGw3HftIEGsbHbizrr7TDiLtyacMBmWJOLCYcpBC7bSqgHUZ7QCf3FUGIzc21ezqNy+QHuvGlRq9wAkCRHEDoeKlPCFwWMZbdtwQbYP+vofwq/x+HtnQxAa3Mqf5TvCt1Ik8UeRVND6ShT9J8y8RklypJ3gmeZ/wDEUf4Sy0l9e0CRB+Bnb0rl4lyzE3LntQmkFiRJ95QYEdzA425ozLrc2FYAueAN/eZgI9fX86evyqK3CTEcrV1F+bYR/bWxbLJ5t2UkFfdBMiCBE/SqrMcwW4HQOWdfL3AUjv8AGgvGlyzhnsnc+V1c8kzB1EfFT9aQZHgcRiXBtIy25guSFWOoBPvfIHehZGyJXp/uKFI0fZZbxT+a2sIsq1wFZg8zq7dxvTnKURsZaS2BFq05unmSYAUHrvBPxobDYG9hFYG+ptuAqW9idZMTuvw613y8fY1b2YF248m4e7EyqiOYk/U/IDxRhf0m7Yakb4yZsTjrgtqBB9mPXQTLH0nb5CnFnJNFpVd11LyxYkfESNjSS5bFm8XuajqLOW6nfzA/Ak7CKeZRlNjFLcuprv8AllbZuaVLdVMqWUxEDbf608jmK9IxczKRRqB+JLlx7dtTd9pZBg+zXyqRsGZgTO+3Qb0px2YNhSrppZzsJ6DvHX+9HYG6Xm3bQohMm2pLARA3HPPeluJ8OXTqGhix6zJA6bc8RQqVLU3QiPK8Ti3MHZi37Ob903rjzrMk9f3tVDlloM6qFhFG1d8JktkKph7bwJXfY+oam2VZdJ2470w3kP0E88YmVrfcxSQdqpcossQJrXL8tSehNUmX4OOlWp1qc0G+y1lN9Cd6ymQJ58q6C+p8rCVPzj+29c7T8/Q1vRGdFWY5c1s6k3TmByPhQXtWUa0Gr0HP0qjtMRtyD0P6UPjcsDHXbOluo7/EVM+AE8hGrl1RnbL72tASIkbg0NjcsRjIEfCueGxJU6XEGmNtwaNkV+xMDMvUWYnLpKHSG0DaeZ+fPFD4rBFhquLO+yz+96fKRQmcq5UaFmpPI8deBKiPxZm5AGQ+Czo2WNkpqRnKrB8wLGCO1TP+0T3YQguG4HMQeR0/vVxjfDVx2tkBVghjHf4Um8ZeGrp80Fl3J08nbYdxvFeXj8bJjyByuh3GeVnBa8fZ7myWmu4G3bVQ027Y1dyFAYxzB53qcezff2mCt259lKu5MtoBjygmY3HG+4irzwThy+CVHBRkm2dogcrE9lYCf8tTWdXWs4q5etwROn4qAFj/ANo39Krc8Nn1jcZ5ai7LvDbNaLm6p3hAu5J7kn3eu3pT/wANZqgDYO4SXRtMtw+rfnq2+/rSzCvcuXGbCmNRVrndTuOCIYQxJHoDQvibBIt4Czq1LJJBJltj82HJPrSg27MaRepQ+IrjFtLiUYQJ+c1O5bl7Wb6sWJs6iy+8SrEQBAmdztXr5lirgSyVW4/Q8ExxI4mAa1GVYh3RblwKusMVU7CDJJnkAAnrxRrY6mhynRgOJs3cXcuqwKCYYnovIA/5evqa8z3H4jD2hbS6VS3CkKoDMJj3uRA7VS4K47pcb2TMfaOy9JVmLKORMCB8qnM7wF24He4OeEEn6msTI4fYpf1kPzs5jrw1icM9kXHS4xMw7jygj/NqLE7cx/WleYY9Fcm3dlNRjqR6UPkhdbItOYXcpxvPMdZEUrzSzpYEH49OvWhoNkIP9I0ZnVgKjW1dwt3y3SD8mB9fdpngcfhrDxh7el2iSAdwOJJ+f1pBnuWCzbDKTqYDYdiJO/75rlkF1Tcay0yh2bcjfoT0M8U/GgZPlJmZM3FwGEsfEAUr9ot25DbXQB5lfvAHDTv679aGy0lYfck95BHYVUZHlpVTvqDCGB3n9itbeUhLsAGOk0xfH3vuc2ccaE8F3Wo12tW3WJ+tZg03jRA7CfzqlwuBEbiiWtW0GowKrTAFkr5SYuyrLVU6437mgPF3ia3hk0qZc7Ko5Y/oPWg/FnisIDbt7nt2+J/TmvnuFLXLpv3Tqadj/bpFMFKKEXtjuPf8axva3/7v617Qntj6VlZZm8RPqllwogn59/3FdluahwdxP77UAbRUkcgcEAT3Aiek/PaibKSu2w2iRE9eOR8KfFiFIZrdJE/h/czvXNQORXtpunUfv9a6dMu6H2cQe/74rg2Ge3up1D8aIuKDIPauKF193fvPHyoStzQ1QQ21a4LgLK0QR0I+HzppbauD3EOzrpP7616tojdWkdqDjxFAQi3LuEg1hANLcVackQxUAyQOvzo204jmsUk9icwA6nLF4b+G4TYkfjUVmmGRkUFYaACZ949T9avwa43MMjGSoJ70nL44drjcebgKkjkmXizBBgnnY8RJMUrxmGBunSQ5DFiyjZZ79Ov41ZZjlZdtSn47kGN9tvjSzH4UWsO66YLLAWPWvLKZFc8xrde0tGRSNHcCwWUM11bvlECNqbrkVudcSfXf1rl4SwtwWwXJ9AelO8apCEqYaNvjXp8ETHZEjLsz1cB+zqNgI77UtxeWjUYVj+n1EU0uXmjeCfnSvHZmAGRt2PP6b9Kiz5kYgDuUYsbDZg58NWn81zeDIA2g/I79K8x/hvCqpYqB35Mx8a2THsUK2z/EYEJ96D0JE7/Ca1xeFuOAbrBeJA/OgVgOhGFd7iLF5dYullNwyARbk+UEjaYE7H1qZwXhe7bv67iNu06lGpf+ofrFfRsoyFX8xBjpIiqO3hkRYaI9atx+OeFA1/mef5NO9xR4Wwr6JPHSafeyXkgfGleYZ7ZsrOpQB1JAH96kM48YtclbQJ6aug/5ZBNVqKEA7lnm2d2rKklht1J2qDzrxO94lUJC8auvy/l/OpvGPddw1xw06RJYbEmYC+6PlH61vhsMdUAeZtKjkcSevHvGuJmgTzFLwJ33+h5nvReEsgqOABxTXD5DI3JJNF4TIbi+6kjpMD6zxWQhFX2X0NZVD/gt3/L9ayum3KW5f33E94/A79BHxrtafYE9p2/fzpZhryMxVjGnzH1BJA93r2HX1o5YVesL3n/zxT4mEi5+fArhcZtTCZEjrtB5+m9c3WYJAIM7dRE7j5n98VzSdRkD3iRG+3QkdDI9a0TiIaD01c/p+/nW1tyDp+h/rQqz0DGOI3/f962PmbY6TB32n8RvB/GumQrFgRGxPbalz6kZdLkauJ67E8d4E/I0dfRQNUGfekbnuY/HiuAdWggAr/Tbb8d/ShM0QZs5uI0PblejAiTtMaeu3r3rumc2DszBD/m8v588Gsu21aTtzBnuNwPXmgsfgZBGkN6eXf8A6iB+NZU2Ord1CJV66g+oNQ2Nyi4P+ECjDUIDBQdpERwenMfhXtsYkWyVuspEjzgPxtMc9OhPNZOqXYesbfkT6VBNm+LtiSofkbKQSYBHLAev67V2/wB470EhBsY3Yj0G8H61lTdiW6wOBFe3QD/eoa74murE2xuQN3/+vNc28T3utqO/nO0mB93rQtjDCjOBINyyxGHlSAFB+n4jip+54aZjL3VA7AE/nFI7vie8SQFEdzqM94Aidvr8qHvZziiCZVfQLvH/ADE71OfDxlgx7EcM7gUJa4PA2bUebUR1G35Vri8ww9vzMFHWXI6bk+Y1A4m/fcb3X5A2OnmImIoS3lBMBlljvuSZ2jn7w834074aA/hEDm57Mssx8aW12SWPZBPJjk7c1NZl4ovPMDQO/vEdOSIHPau+G8I3bgAPkAMhj69Y5p1Y8K2Eg3CbnpMKevHJ39aODQkPctvdMMXZmg8nV8uxmNuCKOw3hjFO0+zhd93OntGx+dXaX7drZEVR6D9etd7GLL/rWTrkzh/Bzc3bqj0Uaj9SBB4pvgsisW9/M7REsf6RRGKxBmBQpvHiunXGtm4o2VQPhWXrh5B5/Cl1tuOe9FDUTxXTqnf2g9ayvPsjetZXXOqA4X/iJ8//AItTR/u/P8hWVlO9IEEtf8dvgP8Auou17x/0/rWVlb6zoX0Hzr1vePwH517WVkycsX7o+NK8p90fP8jXtZWesL0jCzwvy/Khcd7prKyumTx+V+Jri3vt8B+tZWVxmxM//Buf6G/Wgsv/APT2v9C/9teVlZNm1/8A4g+A/wC6l2M/9Q3+j9UrKysmznhOLX/L/wDKmFvlv9Q/OvKyunTW/wC6flT3w/8A8SsrKAzpQYil2KrKyigxZiP1FdsByP32rysrJs0u8/WtrfP77VlZXThCsHz9PzprhOa9rKyaYfWVlZWwZ//Z', '', 60.5, '2021-05-13 09:30:04', '2021-05-29 09:21:03');
INSERT INTO `menu` (`menu_id`, `menu_name`, `menu_type`, `menu_photo`, `availability`, `price`, `created_at`, `updated_at`) VALUES
(12, 'Milk tea', 'Drinks', 'data:image/jpeg;base64,/9j/4AAQSkZJRgABAQAAAQABAAD/2wCEAAoHCBISEhISERIYERESEREREQ8REREREQ8RGBUaGRgUGBgcIS4lHB4rHxgYJjgmKy8xNTU1GiQ7QDs0Py40NTEBDAwMEA8QHxISHDErISQxNDQ0NDExMTQ0NDE0NDQ0NDQ0NDQxMTQ0NDQxNDQxNDQ0NDQxNDQxNDQ0NDQ0NDQ0NP/AABEIAK4BIgMBIgACEQEDEQH/xAAcAAABBQEBAQAAAAAAAAAAAAAEAQIDBQYABwj/xABAEAACAQIEAgcEBwYGAwEAAAABAgADEQQFEiExUQYTQWFxkaEUIjKBQlJikrHB0SMzQ3Lh8AcWU3OCshfS8RX/xAAZAQADAQEBAAAAAAAAAAAAAAABAgMABAX/xAAoEQADAAEEAgEDBAMAAAAAAAAAAQIRAxIhMRNBUQQiMgVCYXEUI4H/2gAMAwEAAhEDEQA/APL7xLxt4l5PBXI68S8SJNgGR15142LNg2RbzW9DjsfEzIzV9DTx8YtdHf8Apz/3r/pu6X7pvAzyDF/HU/nf/sZ6/R/dt4GeQY8Wq1P9x/8AsYJOj9T9f2Q3iXiXnR8HknEzrxDOmMdededEmCdeKiFiFHFiFHiTaNlj0eodZi6C9nWBz4J735RpWWkFLLwenUKYUIg4KqoPkLflH9Ma3V4ShTHGpWBP8qKT+JWPw4u48ZS9PcVfE4ekD+7o6iO92/RJ3/VPbpnU+0gjKRsJokTaZzKH2E0dN9p42RqA8SkpMSu8vMVUlHimiMeQUyTD/EJEZJh/iEUobHK+Al9R4TP5XwEv6HCWg477JiYPXrACS1DtMvnmOKA2hbwCZ3MdmWJEZgKw1iUS4hqh3hVEkST1uTp8GZNtRqLaK7C0zlDGsBJv/wBHa0rOvLRF6FJh7sLwmhXCygbFG8Y+LPZFetI70W+DVe2DnOmR9rfnOg86B/jHjM6dOnUcB06cIZRyyu+602I56TaY2GwOdLWnkGJbhTPzuJMvRfFn+H6n9JsobbXwUs1XQ07nxga9FMUfoAec0HR7IK9EksOJ7LxafB2fQfbrJs1OG+BvCeSZjT/bVP8Acf8AGevYbDPpYFeImLxfRGs9Sow4M5I25mCeEdn6htvGH7MaEki0xNcnQmse30hSdAq3P0myeaoSMTojTTm9o9AajXvWRLcQSCw8RIMw6D1KYHV1FqnkoI9eE3I2J6MT1c40Zp06I4w/wwPF1hI6F4sblAP+V4Mg2ox4w15f9DcHauzn6FNreLED8Ly6w3QvEN9QeJMPwWTPg9YexZ9JGncaReX+ny9RDTM5LXL1vUHymI6R4jrMwxD32VxTXwRQPxvN3k4Ja9vSUDdBMQ9R6nWpd3Zzs3FiT+c6PrXlKUO2lXIHl2KAtLtMxFuMHp9Ca6m3Wr91oR/kzEf6y/daeZsoffPyC4nMBzlZVxQMvP8AI2Ib+Mv3T+s7/wAd4s8KifdaDx0/RvLC9meOJEkw+JGoS1r/AOHuPUXUo3/MrbxuJms2y/FYNwuIplLn3HHvI/8AK42M3jZlqy+Ezf5VihYbzRYesLTzbJMQ5tea3DVjaZcCUsmidxYzFdJjsZdvijpMymdYksbHnBb4NpT9wzLxsJYqIBl42EPnIzvJ1O0jY7xy8JGxmASgxpiiJMYZOi2nQhPIIsbOnqHhBmW10p1Azi4Hdeew9EM5w2JXQibrsbraeJzX/wCHOM6vElSbBgPOZ8Dy/R7J7KlvgHlI/Zl+qJOH2iF4raGWSJaC/VHlONL7IjutnGpA6QyyRMjX2ElVDyE7rIqVYNyHeWT00t2CTOjMpC2UnttGUnvCEMZPJJ5RWYrApTUuRqGoX24X7fODBqQ3DD7plzj1vTcc1I+fZMe0Sq2vgrprcuWWpxKb+9fzvI/aafd5SnZ+NuI9DxkVKrqFx29+0k9Si60pLr2xeHu93uxDim7HUfJpTO9rG9h27xKdS/b+MTzUhvDJd08U3a4+63/tCqeKHaQRyAMow1490JWy8bi/hD57B4ZL4YlT9G3eGkiV0/8ArSsw5FrWhiWh8tfIj05LKhjFHAC/O9yO8Qj2wn4QAPmZV6SStth9LmeQhtMSk3T9kaiV6Mr096VYjC9XSw7hKlRXd3KBmRb2XTfa99XEHhPNsbmWIxPVU69VqiUy2hWt7pZiSdhud+3s24S//wASa2rHFQf3dGmngTdj/wBhMxhheovjGbb9jzMpLg3OQYEaRtNOmBFpUZGLKJpaR2ioFMrK+CsDaZDOsNY3756FU4GY3pINjFtcD6L+4r8u4CHNxgOXHYQxzvON9neTLwkTcY9DtI24wGJRwnReyRF4TEk6R9ZOmMeQTol5156p4Q68scgraMTSbh71pWXk+DezqeTA+sz6DP5I+iMI2qmh+yJJK/o7W14dD3CWJkmdHsjMYxjmMY0DMjlMnQCDEyamYAsOowtIHQaFpKSSojzF7U3PJTMVRrdZTRwfiUNwmuzx7UKh+w34TA9HGLYWlfiodD9429IuoV0Omw1ie7yMjG3AD1kriRGczOpDKo1CxAIPZcxaewsFAA4C5itOUxWiiZIjNfstbvvCqZPd5GCK0KpGKBhtPx9IUgJ4NbvsILS4QumOEdEqDaa9584RTXfu8ZCnCTq1hfkCfKWghR4j0gqa8XiW54ir5ByB+EFy9b1FjcTU1O7fWd282Jk+VL+0jFD0PJ/hE0NIzPZTwEvqRhRKiWodjMb0k4GbFzsZjukfAxL6KaP5FbgOAhjmA4A7CHMJxvs9AVXnKYipFRYDEx4QV+MK7JFphQCCxnQjROmyE8dJnRt509c8AdeOVrSO868UKeD2/oBiteGUX4ATUNPNP8LsSRqpk7X28DPS2k2dHfJE0YY9pG0VhQl5KhkF5LTMUYPowymYBSMNpmUkjZFmdDrKbJzBEyNPLfZl0D4SxYeQvNweEp+kFMdWjDse3mP6QXOVkfRtp7fkzTmRGS1JCZzM7Ec3CNE5jEBisdD6dMai29zbidh4CF0oKhhNODJmg+idobSlfTMPonYRkTYenCNzGpooVn+rRqN5IY+lK/pU+jA4o86TL973fzl5OZ9njB4Q3J196/fAnEssoXh4wssjd5XwEvKJlFlvAS7oGGSVEz8DMf0j4Ga9uBmQ6RcDFvofR/IqcA20sQ0q8F2SwScTR6AQsQGIDtG6oDBIjI5TtGmYAs6NvOmCeNIhY2AuT2TQ5Z0Uq1QCdgeQl5lHRRtQZlt8p6LlOAWmoBE9VVk8Z6ans82ToE3axj/8iBdyT5z1vq05QPHlApjPAJSb6MX0cy1cNUGm9zzm+vcTBnMAa4UA7Na83NBrop7hI7k84L1LnGRGkbSRpG0DAiOS05FJUihDKMNpwKjDKcpJGyRpX5yt6LdxU+v9Ye7QbGJqp1BzRvO01GnhpmPqSFpPUkDTlZ6EjDEEUzhEY6HrCaRgywinAZhlKH4cyvpQ6hHklRaUpX9J6ZfCugF9bILf8r/lDqJj8SAVF+d/SdELKOanh5MAOjICXYbmVfsPVOAOE3eYYxFUjaZ0YV6r67WHZDWFwikNvlhuX8BLrDnaVuFw5XYmWlNQBBItD3OxmS6QjYzVO4lTj6KvxAgvobT4ZkcHDkaWC4JBwAkb4ZROZyzsVpkYO0ivCFpjnGnDcou0bcjlbadqnPSZRvI7wNGTTJbzpHedNgOTVqiAbWEYa4BlHSasfiNoToI8Z6Dv4POUfJdLXvBcZS1i15XNXZYNUzjRxmzkCnHRCciPWBwe281eG2QL2gTInpMoNpf5VihVXWDFmUs4Gt01yWLSNo9jIna0zEQkkSV1PMabVDTDe8OyWFMwYCG0YZTgdGGU5SSNDa7gcYwODtKbPsWyMoXvlamZvA6WRp021kZWWxI5EjyMGaFO2rfnvBnE5q7O2eiOcIs4RGOhywinIFk6RTMLpQ2hAqZhtCUknRYUZUdKswNIU1Xiwc+Vpb0JjunVb9vTX6tIHzY/pK9SRlZorHxbMbsby+y3GppAJmOFQx6YkqdpNVhnQ4ysG6NVTuIhqN2TM4XNCOJllRzAGU3ZJOMFkyOe2DVcNUP0pLTxYhC4gQ8MGaRXpgan1pKuWMeJlklYSdKs22QPVoraeTj+zDKGWom5Fz3wk4i0r8bmJ4Cb7Z5BuuuMgmb6QDbjKa0LqXY3beIKc56e55OuFtWAXTOhnVzomBtxaUMSjDhHuVMpUUrwM5q7c50+VHP4vgmzCsFBtMpjKzMTaX1VS/HeBvhRyivUGnTSM29JiZrujNRhT0g7yrfCyyyT9m2/CNN8muPtNBjqlTqxo+PlH4VmamNfxW3giO5fVf3OXfAzmVQV+r0nR9bslWcuApMrRKhqD4jxg9LOn9o6rQbfWttIc3zd6boqqTqNjYcIfSemoFRwFJ3uZv7GLz2xU06u2WtFri/OZ+k1OqocbgbyzwmLDKbcF2johSK3OipqC/ZAV0QXNaxaqd9oKrnnI1SydMQ9qLOpbs4QZxGJXCqS5sNSi/exsPWSsJKueSs8cEREbHkRIjKIVZOkgUQhBAZhVKG0IFSh1GPJKg+hMl0nw3WYljyRF9L/AJzXURwlDmK6qtQ/at5C0rX4kof3GSqYO0HbDGaWrSEENASFI65opfZTJqdNxLhaAj1od0ybM2gCk7iGU6rSdaI5SRaQhVMR4Ep1mhSVjI0pyZEjJsRpCliZBUoQxBHMIWsip4KzTO0wiskhtJNYZVPIlp0dpiTByDOZwURukzgDBkYfpEjdBJAJxEYAK1ITqKDUBCGSMCEG8C4YXyg7F0SaemmbMd47CUgiDrLau0xKFcbXjcaVfu+c69yfs5HLQ7FmmBqYDbtkT0qeIS1/dkVZEZNJ3i4JKdNdI4QbkvYdrLnK6VNE0KbgQp1ARggtKzBVFU7DjCamJJBjqlgk5eSgdfeN9zcxQklenuTzj1pTkfZ1p8A1TDiopRuBKn5g3gWa5oaNSigTUtQ2ZiSNIuB+ct2pGx8DvK7DI/Uk1lDPT1b8dWm9mHjHn+QP+B2ZY4UafWFGcXA0oLneSYTEpURXQhlbgR6jxlfk+ZjFK5NMppI2bcEEXBvC6uPo02CO6oTwUkCBz6xyZP3ngdjcxp0AGqtpUsF1WJAJ52lhQcMARuCAQeYMExGGp1V0uodDY2YAg8pJSxlPWaYYdYtrpexFxcbeEDS9dhy/ZZ0odRlRicV1VN3tfQpaw7bSbo5mRxVFapTRqZgFve4BtcGPM8ZJ0/RoqAlI+FqO7ELxZjc+MscreqzVOsXQBU007EHVTsPe87y3CgcBLqN3ZzvU2vgzaZO7fEbeEirZG4+E38ZqGvykY3hejIFr0ZmllFQnewlhTyPmZc25QhFmnRlArXpmar5M67r7w9ZXOmk2IseRm4MBxmXU6nEWPMRb0V+0aNd/uMoryQPDMRklRT7h1DvjUyaqeQ85HZa9HRvhrOQYVIhqwitlFZBfTqH2TAnpsvxKR4i0Wty7QZcvpnO95HFtEiFDp0W06bBgUidadFAijihI8JEAjxMKzgkQ0xHWigQoAgQRHQHhJkpMx0qLk8AJMmW1v9M+Y/WUSb6QjpLtgD09p1KntLYZPVPYq+LfpJqeRNb3qgH8ovGWnT9CPVleytw9OEhAZaUcoprxJbxNoSmHRfhUSs6b9kq1Z9GeXCMeCk/KTplrn6HnaXt4hqERvFPsD1q9FUMncjew9Znszxa0SgqAgO2i6gsA02ntREzGZIC7BgCNWoA79twYtzMrgbTqqfJVO9DDruy01ZjYH3QSd9rwbFZVh8SVqEhrWIdWBBHLvEIzTL0xCaGuLHUrDiptOyrAChT6sNq3Y3O3Huk00llPku16xwGoFtpBG3eJWNkCvilxL1CxQDQt1AFr9o3I3MpqWQYtKwK1BoLhmcORcXubrzmyRRwvY/jM1jp9gTz2hKGKouxpiojuAdSBgxA7wItbOKOHenRClnYqFpoo2ubAnkIJlGQU6NWpVuWdySL29wE3NpeJgqbVFqFFLqLK5A1AcrwpJP8AgSm8Fth1JZSTsN7AcT3mHAiU2AxDl6moDQCFQqbltveJ+csqZv48p0z0ct9hVooS0i1Wi7845MkVe6cX7I5b233jlSExGFJ7o8JHWitw2gAME4mBV8ypUtne7fVQFz6QapnNx+zpk977ekR3K9jrTp9IthvOfDowIcAg87TPPmWIPF1pjkq3PrIWxzfSdnPfsPSK9WSi0aI83wIpN7purcB2iV0mxFYubyECcdNOuDthNTz2OnRNMWAYFigxmruEep8Ig2B4jljFJ7o+8wBbf3eKv97xl5ysYUBhWGqhKiseCne1ppaGJVxdTqHd2TJNIQ9SmdSNpbu4HxHbLxqbSN6W7+zcau+JMvg+klyErU7k299OB8VP6zQBQe6dE0mso5a03Lwya0QidTNtjuPwkxEYXoHYSF7wthGMomaCmAVEJlLmOFe5IBsR8S3JE0/VTmoiTqNxSdTaYHCrUW4eoH32uiqwHI2teM62uKn7tDTv8YqOrAfy2P4zeNgKb7Mgb+YAxjZNhx/CX5C0HgY/+RJk+uNvhF+z3v6QXCVqzPepTp0wODCozsRyGwtNyMqojcU0+aAn1kyYVPqKPBRMtBr2CteX0jKl6jgrSazn4Sqa7d9u2WWV5XiVT9oxqOeLOUUDuCrwmkpIB2eUkZeW0pOikuSV67b4RXYXAMlrlRyVRsIYaS9o/KSgRX2FzwtfbjKYSRJttkPVL2RUo8pT4jPGJtSQAA21Pck/IcPOdWxFdx71TqxypCx+8d5PyL0UWm/Zd1atOmLu6oPtMBK+pndMbU1eofsrpXzaUnUoDexZvrMbk+Jj+tPZt4RK1mUWjPvkOfM8Q3wqlIc/jb129IJXdju9R3PK9l8htGGQVJKtRsqoS6QprKOC+cjfEMe6NKnnE0yLplkkcSTxMS/dHaYpX+9v0hCR37o4eH4xyp/f9iLbu9f6QJGbG27h5GdHXHL1nRsC5P/Z', 'available', 45, '2021-05-22 03:20:41', NULL),
(13, 'Fried Rice', 'breakfast', 'data:image/jpeg;base64,/9j/4AAQSkZJRgABAQAAAQABAAD/2wCEAAkGBxMTEhUTExIWFhUXGB0bGBgYGB8dIBceIRoeGx0fHh8fHSggICAnGx0fITEiJyktLi4uGx8zODMsNygtLisBCgoKDg0OGxAQGzcmICYyNTU3LS0uLS0yLS8vLS0tLS8vLS0tLS0tLy0vLS0tLS0tLS0tLS0tLS0tLS0tLS0tLf/AABEIALcBEwMBIgACEQEDEQH/xAAcAAACAgMBAQAAAAAAAAAAAAAFBgMEAAEHAgj/xABCEAABAwIFAgQDBgQFAwIHAAABAgMRACEEBRIxQQZREyJhcTKBkSNCobHB0QcU4fAVM1Ji8RZygiSiFzRDU1SSk//EABsBAAIDAQEBAAAAAAAAAAAAAAMEAQIFAAYH/8QAMxEAAQIEAwYFBAIDAQEAAAAAAQIRAAMhMQRBURJhcYGR8BMiobHBBTLR4RTxI0JSYhX/2gAMAwEAAhEDEQA/AOy1lZWVMRGjSV/Ezq4YFjSg/bOWT/tH+r9qbcyxiWW1OLPlSJP7V8w9YZ6vGYlbqjabDsPSqqMWSM4D4h4rUVKJJJkk8moCK9V5NVi8eSahUqvalCjvS+GQ8UsuJstwX5+VUWsITtGLIQVqCRnC8kEkAbm1MYyY+I2HW9KUgFeiDI/sU+NdHYVhKnEFXiTYkghPyisZylpZ8RbpVMawYAP7Vmzfqcp2D8ePCG5n0+ZLQ6sy1IkyjL8IrwGiwC2T4iZgiQLnjcDY064fMMOVacNoUUD/AFQBYxA9qoYjpt3+W8LDs+FsRGlVpvMmZI9earYDpxvxFuPoWi6QUEQFECLQdjSq1E1empB9zQe/pHSTsK8O9MvbfED/AFIFIK0IGtKbBdhq54+lBnVjE4dOpaUKQrzFVtZibRxFqdcT0+2+2Wko0oEwUiNB/W+9cocwgX9itwgAqClIvcEgGO1L4fzocOA9C3qPTSJWJisQNqoFmpyMOGGyrCYYKcab/mHVadKPiDY5juqJN6JHp9DhSBLZF9RAi3Fqi6HaSwxuCom3aNgR7imltxtAKyZ1Ex2A5AoswpWXUoeW/DfmT+YN/HG0FsXy496vA/HtBbfhBuVdoEGbEilzMGE4RpSVkHWdKVJnTpjYes7/ACpgOHfdxLDzKghgFXipV8RITbT2Bm/qBUuY41LLCQEpUYlKT/3SL8ccVVUtITtKPQZBgBUZu73ZrB4YC1E7IHrnWvpCL0ph2EhQddIUIKAQUwnYG480nnai4zBSUKDcrAm2mNJHBPbmmxeH/mEhcoKFhOrVvAMxt3mh2MxaYEplUmQkDzQYvftz6ULFbLOrOztW2nUUGekUDbJcsBcjKBv+HYl5kgtBKSmfNBmRsBcz6Va6OyBzCNuIUtY1K1DWI02uKI6/5gq8JYSEQNKu/sOKzEoUlBU4bgiIO9RN2RLKUpOzd3DUc8Q+VjA5LTC4Py76F6740HXFkEo1BJsSIn1FEMBdxT2mErgX7ioVIKkABzUrTOneOwqhhcI+soQVFsJJKtiTfYVaVtpWLqNDUi+T3OZoS9hlBVoQoVYcjavbwXzLMAlJC4Enyn17UPx+YpS1p8x1i0CfyqPNcS2tQbAJUFAGQTHY+gHeiJDsAJAiQNUbjmBVVKBWtjQhrA8Rkc8+D2iQgJSCaekLmHxyHUrDajCREwbrvaIuBFQ4TIH8UG1PKQhvbSCZX2VGwniqX8Qc0dQ6200lUEzIHb12ov01j1eA026NLhkiSJEH9qjwjKSVAUy1pT1L1yd4EnETDNKMtW15xbx3TyFAN+O4kINjN9ognc0EbyRvBveKlxa/LABgR623pyGAJnUTKhq9vnQbPMSyyAHAVEggJP3jHFLKVOlzCMidMntmKCLIQgq2hUwodRZjjHi22xbUfMI7Xue1Uccw+ziw6sWi5SmSTEqgDajWExw/mkJSLkWM7WuIounENNOqJUBMAhRsCN47TT8uY8sbQyY7we847E4UeIQDUZ6Qm591O6EpS2QpKhba4I4pJyPI8RinNKEGNR1LIgJ5M/tXScdlTLuLT4IBTrFrQkxNj2psy3Bfy7ZIjUpRJTwKJ/NGGllEup10378qZwqjCKUAFq74xyFHQePInQB6FQBrddnUqbkb1lKf/en6DofzBP4MvUw6GtisNaWsJBJ2Ak17CMiOYfxtz/w2U4dBuv4v79vzrhqqaf4h5ocRjFqOyZA+tLBFCJrBgKRHUTlSuVGwka0ggkEwQOa6OizlGUvPlRaSFBuFLkgWn1p/yrJFICHtGkpVIFiLGeO9B8jw4YSpLLiluOAFSQLgJmbek0ey/GrdU2ltKnFap0ibiO/A96ysXPmqVsoHl5vGtg8PLEsrUplDKkEHOqvEC20seYDzCCSkRf2pbSXUvanEkskggWhR7E8T2rpOJwwYwriy0RYlUgEzybXiue4Rx90KVhkqUjbUEhQmx5tNKgbKiwyFTl6ZR2Jx5JSjYcXo76b46unPikFNhYc7WqriOpkyI3PrN/zoPlrA0eNiViJHlg25hU8+lHsC0y0sloC/mmAnfYGb+tKJEwgBcxm0vVzT1dub0a6UoZwmCCpS0NRjUkkgWhPPrea5tnmW4drFhThVoMKLad1j1njvzXQcViJbcdWqYUJCdiOPob0gZw28MQy6prxityEpKCIBEXJMbXj0plUzzp2dNxLVu+pFuWj1/jpWkkttCx30f0+KVivnPUSmD4LOFUCqSgR5dM2iL7cUY6WzxTimWnm1FLiVLQsiAFAGRHFuPSnHKsAEJBcSCsXTMHSI2E1fTC1FQskfiaBtJlBPlZRvU2q+4AU650Yk3EbRIFu+r6ws5e6+4l1pthSZcXDhskzyDvAngVSzbCaEtJfEulQQADACRaQfXvT4FpEAWPYb0P6nyxDiUqSsIWgyFEgaZsRcRfaijDlUvbd2bM+g1zvvzooudtECwft90DMUG2GkokMtqJ85MwTcmVGfnQ/HZa2hoqaWVr/1q2MnbtXrN1l1oJKVSpNgNJiDfVwLVppgeCEK+yB8pG8cbDc80GcoF6Ctn4PwGvCrw4mSFp2Sabu3PdIY8pxyVYdtSgApUiI5E/QQJE8RQ7P2UaFFXAmJ3+fHvUeFcwzTXhIecWZIkfFIFwJHAFK/UjOLxH/yw1gET4igD6ApsIjkVecCtSUgppvBtd8uEVRK2CSHbg3CDX+PhbYdY8zrfkW3ElSflfa8+lVsfjXUtJcDK1TfypJj37V6ynK2G/tdMYnTpMXSid7WtPIoyzOGAUtwjXGw8s77GpUiXMIWsuGu4pbfejlm+YqkLlktfQ/H4qN0A8qz5xxNwpBFiDcmBOwuaMZXmSlwomQRYbfUbiq72XJdfS6Ab/Fp8oIHeDM+o7UaxmEQlENfHHO5P70svDJP+QHnrwd66aXi5WPtIv6QodZZSp9DSvEKQlapSncpNrX73oK70u4tIupbqbpMwUoBsmbSTzR9eYSA2EK8SDNjIJ9K8MPPSVJRqAsBcEEWIJokqYrZAAs3GwzbkcuVpVKSCVa9Oj+sWsf10rDtELY0rgBIJhJO2xvYCbUJbzbDZkGi8otvtndNkqmxHNjHvXvqho4xkNuaWXJB848qo7KPwqjmh2U9IJaKVqUsibJEA8Xkep/Cm5q3QAVl6t0aoyvx0MJolLQqgfo/7t+oemMiYR50M6F7EilLrLJ/5VDb4Kj4khzWQoJJPl3HO3yprYxpaJvqEAmT8J4vSz/EPNBicMpkQTAiLxCgZt7UvJmoT5FDzUDaeYOXpk56i8TisMualtKvy0hQ6XzNKNZUQCVyni/pTbgOqW33dASoEifS1K7eAAwiUrwypUoQSLzwQdxNHcnyU4My8AorgJUkTpn7p+fauxciSsKVn3WAYVU8qTLAYJu+YakSYzP0hagJIB7VleMZ084palJMJJkCFW/CsqgwcoCHdtUdjm9CurcaGcI6v/bH7/gDRaKSP4t4jTglDuD+MJ/U164xhiPn7EulalLP3iT+NQgVOhu1RrEUu9YYakQLFFemsvZdXpeS4JI0rSYG8X+dQZNlisS6GwYG6ldh+9OuWZU9h24gKDS1e6kkzMcET+FAxGJTLGyD5oNJwy1jbI8rtziXBZe2254aPFSVBQ1SPL6yO9rV1PAlpKAkESlIuLRbvXJH80CFIWhKrqgmJHxc9v6U2M5ipTyErlKFCUpMSQOSB33rGnKUlPiqSCRr6+2YNsrw6EpJ2XaNdXdYYltwpbCUtgcjVq7z2qUKxBwUtsoZWZMWAM31AJm5HfmiGapaXhy2tCVAk7gWJtIO4Pr6VXyHHNuJ0JSQy15LnSZTCZM7CefnVE4gz5TXNHe2uRNBnSIRKEtRWSya6U9j3ePGW5ZKlN4hDitWhcR5VeUQCdiZ4ppdhKbpSNMSLGBQTBdSNB6CqE33gidhBH7VC5mSpJLZUCSL8/04+tcqegJ8oqXa1NDZ9G4atHYNAnJAlq2gM830L6Z+8GG8YgQPESoqOlKbb3M+u1L+JLyHnFOLKmzZA4TFj9e9GywFpDxCUrG1pj1FrEd/eqTy2pUhzzJmZ2+dvWg4gKQEoLMfY5s5OVctKQ1LS5JSHPfKPSsess64lIEHuBtNHMswqyhKlDyBIKU95EyaHYfGMhIQ2hEK8tvvf1q0ziFurl1XlEgJBi47jtRpMqQVgl1H04knShZjAp23s2b35DrEWFxaz4pQkEzCfTuBVH/CfH0qxDpGpRAbkCZtc3k7/WvS22VqK1BSW21GItq94N0/nerjWIQhpx8BRVctg99O4HA/r3q8pKaFZcB7nJ3cBr5B+FGis4BSSlrtl6fJhaRkpZxqE+LpbUYI16iY+ERAhUxIE2pnzXCplCggnSZtumPzH9KVcsAU+0XhEJW4+VkgFcRKb+U+a0GwFQdMY19RfSlbjiC6tLaj5zEmI7jupRqwbZIAqTTVsvX5awgeHE1CmsBZrWrw9hbiVzrKC5C2VgLSoyODPPv69iaqhxxtJ8YJSATeQAR3HI+dV8Xgcch2WloC1G6CsEBNrn8f0q470+1j8OPHWtK21q1BJA+9sbHYCLW57UL+OJoCFUIvmzVI/vSHvFMkvcH5tX9RSyzMg6049h2XHfDUQmBAWf8Aaed7xtTLnOv+TbDgBcCUlQSdjyAe/FDc5ScMy0pKi0gghKQIDYifMqY1E8evoTQTJMzxOuHnCptaobKhzxf1/OomSwhC0pcWOrinesJDFqnYjZULdO8oacGpTTIWWtL6kmElQ8o4mDE80BczbEYXSHNKkuL8qiqSDFwRvbuPSh2PzZ445OGBKluERMQAZ/IA+8U1sdOIQRiMY8XfDOppuAkJPEAXUfe1FlYczkgrYJZxVgN75nV3eLzMQhDi5etK0yrYdmBueMOqZSptweJYKI8uqd9xa3rVxxhWHw6VBZKkiF3mT3Ntqx/qKykqbUVAaiEpm1/lVBzGrxLXiIb8RhY86DCSmLEaRcxzS2GcpU44EUp1fK2dbxwWrZ2zbqD6esXcmcLoU4+B4aTqQDEqINvxoTmecO+MFp++lSdJ2QPXgH9q3isdhv5dOglKUERF9PcX/uaEqLeOaUgKCSbNpnzKuZnj/mjFxR/KLmtzStrDL8xdCkrG0Ivv4icOn7VGkkkg/wD1L83uKtZXj2sSEhpBSDIUEgAeUkGB70FzrpBYaZPhr1IGjQFXIMdp2N6LZFgl4HCqt4Z1k6VHUYtMep4FD8OWZe0DnalGv8eoi02aZZqzM7gwVx6FMK8xBQkagrYAC/yIqdnMkPmwOlGlRVsL/iT+9Kn+KO4oLQpoupXBAQVagPWNhHyo/gX1NjwnG1qQU+XU2SExtcjj61cIAJdwDk20KcNO7QGViBOQFJ/EGv8AFFm6UKjj245rKVv8Ujhf/urdLlc4lyTGl/ATqPT8x1jmue/xgV/6ZX/aPxJrolIH8WWZwy+2gfmf3r2ZtHkReOFLkVRxbokwIB2EzHzq86qh2JTSsuHZgAEN3QDgSlazvrifYW/WmPOcSpQQpIKjrSFISYKwSAAPnHyJrnPTbqg9pCgAReTAHrXU8n6ZQ4pKlvqJkKSmISexjc3HesnFyAnE7ZLv2z9+ka+HxMtWD8Nqhx+/aL3S2XNuOOLcw6mlNkBaFAtpk3ChyqLiTvWdUZKpzENv4SCpIIUnXdzaIJttM3G9NHgrPkV5ynmwIPp8qDHKcU1qWgoKiCUg3IPaYiI/Wl5uJCSEJTTf0bujgQCTJSEspVcoK5FgfEb+1SnVJSW1AGTMbbEVvHZIA5qkIKyE2Eg3tqHpQ53HlseVMOr3J+7e1tpO/wBN6pZbiHniXEtqWULClqUqw03SL+hm1DkGX4YAS5vuFdK1YMWpQVe+aZypswoNtD7U3xR6l6XdQqGNbyb+IZ86JN/w2jmmHFJWrDg6i0pDRIbTBJgSAZG89q8s5u8suIbYSXTJk2gWI1EwN6F5LnpfKlyIaOhRIuFiykjgiCJM8irzJidlwlxn1335PWkNyVSsMk12c+NO8nrSLfS6VODzgkKggE2iblSp25q11NjkeVtO+sJRAtPe2wgfkKgyHOUqcdS1oCoJgAELI9R370Hw/WRLsobBVBgJHuTE812z/jCQ4BNaZDm3dKVhqXPC1eKgg6Vz6PFzMsxawCW1qJW4FKCY+EEg+b0tP1ND/wDqxot6ksPqWqxdvFvRNre00D6kzBx5ooW2pDmrykoJQRJsTxHc8+8VZbz8+AW22T4TSfDbKUnzGIuIv3irKCzLHlfdkLag13gk8ISxWLMpY2QST8X7tBNXUbUEJxAUUwAjQR6EEk2j17U3ZLlK0ed5SlubhE2RcgRpMGRzE1yPpzJ1rxgU6haEJOpzWhSQSeIiY1X9q6wcYrxVhMkFMwiTMcyNhFRN8KQQUhyWtVqE9bdeUERiPEQov9txnlHnPcu8eQXQhMaS2TY3vqjuLTxJrzkmBWNSUqQlsfeanUoXjcQmPn8qrsoCwFK8QlKvMkEpAvYG23e9C0dXJwqHkhvUUAFakqk3MfDsABcweNjQsPOKlsoN1fTcKmmQ4RfbIpSvxXebWMG84w7iUBLI1kqvtJt8SlGOeKlypAYaKi2pSjsFG4Itb0mY5qu5nqC2xpWmI8xNpJPr9fpVdvPNQWzfWfM3H3htubD51xUQf8RYte4tZjzSNDk8NTVTFJCCM+fPvrDAzmqXEgOBOlR0wohSV+35X5BoficsU2pIYCFMqV52ln4B3QYJF/un5RQHKcwLhLeJwx0pkqcJCSpSTEjYwYO1HsTiG0L1KQ4EiITrJ1diRJsKbM47LLINtaPwBHKnA5gMpleX+++yIVM9yrEJxqnEC7TZWlZHlQkSdJOxk9r+lWMlzlQVGKklwwiRF+APQifpTV47TgbWVJKnUkphQiEHjvvevJwgkuOrSGkJK1EHYDj0/pQFoUopRLTe24F2LcDW+djFDKQsHxFct40PIiK6wlLCykjWr4tiUon8CYMf0pYRi1Np1MFSwp5KFFYjRMJg7G0jg3q1jM8Q6ClmUA2QAJkdzvfm/eqjuMcU14LpSNJ1lQgTyDa1v0oaCEpbIBqe+t/6hrCSQpGzLNHf89731ipmGRuuqWkktpSszKZCrzMA2BHrWujslVgsUSdK0OfeAgo9IvY962x1cHnEmNIKdMz8ZFpHy4q3g8zC3y0gKUvaNM8bdtq6aZ4KpY+05c+t+W5qQZOFkJlbdje+ee6sOmfZglpouFJUUJKtKfiPcUj4vqxlam1OtaW1XS2oEnVI8thBnsaPOZf42HU2pRS6LEybX+EEHaKS8+xP8optDzEp1JWAk2EWB1RvYGuw8s7ZZLl8qGgbMa1y9Iyp0xSCEhLpzJyc6Zw+ZlmDyGkIw+hClmTpAAaTzO94tbmsy+AjSMSpRUTB1BSpPoZkUPy3Eh0tuKRCHBbUPiHImjeR5HhkLOIS0EaBAMki3YTx6UeTOmTVso158zoA3DdDK0IlIcD97oHPZZidR+2j/wABWVbUlbh1hxSQq4FrfhWqnb0V30jn1HfWH6KVP4iYYrwywNy2qPcEGmw0Nz5kKQJEgGD7KEfnFemGkYEfLnhTUDyIFGM4w5afdbNtKzHt3oNizvSabtDa1eV4PdEojxVBA1BJuT8SbWjtPNOeT5kGmvtFalkgJuJTwBf7vFBeh8A9iWUeEhB0+RaioSm+5TvEQbCiq+icQcaVuhKmyEkKTpKTAghQUJFuw9jas3Ep8Zagqg67rQTDYiYgfZ306Q+YbHw1MQqB5Tf8qHv9VpJhQKTfyxv2E3rwtyPs1K+G15Nu3rVLFNtuKQnwwokgRESAZIrIE5YPhAlrU498d7udKXhp6wJgYZsQbXvl0pnATEZqtL/nEKC7jfYzYir6+qglKUNYdWkCVpA3MbmPS8najfU+QBxlJaS22tNlE2mBAkgG+319KH9PZcsNnXtJKotKoAiY819/SmZiBLDjTVqX96McwxNYzJgTISSi5PTWt/zBvL0Eht9DgKHIULG6SLWN59KizzJFBDimEIIUdSm/hlRN77X34qzhnFPHwwLEQoTxtKfatZjiRhmnEuPEqLhKfEOyREAfIfU1cCUZSlJFDUXqfc6U+BDCpSZwANXvw1hbwfTzjCvFCklKV3gEHQpPa+yjcfOaSsbmi28Q8AytCCVaCQUzcypJiw5p8/6uw3h+Kp9ISbBMgkknaAZjevOYvYVWHbQ+shII5JUUxCfU3Cb+9ElTEt50kPxu8XRIEtOzL/OUI2V455x04dzWCoJKTaSDtPzrsPR+RowjYGlHiLu6rnaB9OR70g9FNtf4gcQ5pVCD4aTa4Plkcqgm/euo4kJSCrvbTNEBTtEpoAzjIb7Z6C12tFFAmit9e9IrdQZuzhU61r2IEDmTFhWN4sqaSvSpF9juRvcce29IOc4Xx8QhbsI0rBQhpR3SbE8k/QUxv41QDSSTpJCQBuon1O6qT8RHmAatKWuMzXifSGRIYB8teEXMSlGJBCgSJuEqKSfmkg0HzfphnxgWWdIdBS4Ekm4EzBJ3BIJ/WJlxGLOHB1qSk6rDV5o3H4V6ezpDyNSQ4lQvqCglKY7ybj2B9Yqsks6VO+d6nPI1bluBEWEnzApFO7/mBDWVYYuJZUXFpKPDCFyIUNzIgxHJH6UQe6cwjPhrPiJ0RpCSrgdydiN6o5hitTjb7Kwg6SkpUNc3BJO0TA27VPiM28ZegyYifMIHPN+PWrCakAsX5FhqTQZdc4bnSppIUoHS9eHfrG8wWHMO5aUlKoB3Sf77VexLjKNJc0z4YCVbqWLGIH5+pqi/h8Y0FEPoQFXbChJHfVA27c0CewyndDqXUJW2YUonzOmd0p2AmbWtRgSkbIPXr28Jk6iHJttOIw6D/k6FK0ktyYm0AkQCIpV69ximUtISr7JSvPb4oIidxF5A9PSp8R1CpxoakkEbpBJKiPQDvegC8YnFNOpJgFYlSiSTbzaRvAsPrauQAtYUpNqPyb2gEwBILKqf7iPIMzQytRUpISVHTfuZgciJ+UU7404F1qXGEDUgapgE81zlH8sw2UMsKdWqxdcMab8TF54gfParmU5loeS46qGAgpBTGoqudrmPlzUzZBXVBZ2velt4PeULSJ+ySFWu4dg9wcveG3LMK0gIQhgBKkKCZudJMmTPFvpVrBqbYKksIQHVeXxFqgdze/v6zSk8w2wlLyMU4pS7pChdWozEAWknjk0cxeW4l1rUtCWdjKlJERxpSSZ2FUCZyV7SVEjpx3/PN4LNVMVMSkfaW/f5hyZcQhGlCg4pKdp3P+4jufSljxXVukLuogBQiRHJvY+1a6Rw+LXKnEw3cJKiBPBNrkULz91SHnG2lFSm0A9hcQDubaj+BtVZyVqSNoU9Mmqb8bDc8TiJy5ExSJadrfyewb++EGTj8O44hCHD9gYLYGmCBERG3t6USxeahaQhKj5h5QkAT7Tal3onDJDjynVAvz8SVXA03J9ZJF+1en8/VcpCQEKIMp1Gye/Y7bfOrKS7gKYGnSLicEISuYK+x9dILqxbSbK0hQAkGN4vzWqT1dNMYsnEKWUlwkxG14/SsqoMtIYrAPD9wcEkOBTjHeqixTOtCk9xb34/GpZrJr1cefjgX8UMsKX0PhMJcEH39f75rnmLFfRPXeR+Ow62B5ky43G/cj5Gfqmvn/HM97d6BMDL4wZI2k8I6D/CphLbClLAQp5fkk3WhIn6TNqcf8dS2ENgKMA3Tvcz8xeuN5Rnxba8MmPDnRad7gUy5AvF4k/zCU+VEeUKj5AHe3m4saxsTKm+Ipdhr6iNGTMlJQlFz/bw25woafGbWkpT8YMhVzvB7dq8ZFjiFeIhhTxSm2mAE33JNtvc7wKsZeGS4tx4+VSQC2eTe5njj3r0epm9TTLSUFM6UpCiBCZG8HtEVn+UKdH3DiOL0LexrWGz9RYfxyL0f4iLHZw6ELL0J1JTqQN/MYte0CRB9KK4rOUJYUEkgrIjX91Ig3v7/UUsZVhXcdjMQcUyUJTB8Iq32SgSOIBV7/Om93K2EIARh2YSAIiIgWEi9u96mYPCSQoE8A9FO/8AtoS7OGOkLrXKUApTMOUXMuwiW1JcBB1I81gDJjn5bUp/xMWhzDkqSCpJse1jcfSKN5iyXmyEOaFEXtMAekg0m/xOzNsN+EiQs6THECxj60aVOK1IQgMDl86MLGtHiyNgJ2wXp7ZRzPB4dSSlzTMHVHMAzV/GZq24mClSnZjVJASO0f3erOUvkatX3b6LQbf2fpWuksjOOxmgA+DqKlnY6J2Prsn51rbQUsqX/rm/pCiwdnZTn28O/QOQtOQ+pCkJI+z1EjsdYgixMwD2nmmTqXx1YhrQVhI+IBJIKRGoe5HJ2gb7FhZwzYSoApAR5TBEJtb8INDE49pLgQFkuyBGqQr62ue1ZUwqIaZn+2DNzFnL1hyRLCQyMhv692jwnDpcukgpUmUldvDgbRHxft9VbGYBSVgFxx6ygqIc8MEBSTKkgAEpjaZj1o5nqMWtRLemUqnSVb2/7bG+1CsRmX8rhbj7UmVD/cSJsRwBA9KCoOoFtw/oWrnvZ6NC2JnTZSgpJpALAY9nF45PiSoRpQhQKUhSedPKiAoXP5CnheF1SFobQyncARq9I4FcvxWUuYlSy0pAWBJAMc+Ug8Tff/TRzCYglKZUSbTJJvTE4BIBFtN+WX9w79PSrEvtU38e/WIs5zBYxGpCAltRslVjECCABaTNvapskYYVikPuKDjpI8JmbahsqJuRuPeqfVmE1t+PJJQAmBzqUBJ5sO3etdMYJbqG1oZMtDTq1xBnceum/f5XqUB5fiJLGxb98oYxMxSVmSagWeH/ABwdKlOhSSoJITzpMcikV9t2VKCxqHnCwPKVySQqO/60zNZwgLcBDiVNxqO4uLX2NqANrGJxRLqDpQJKE2DhnyyAQCT+1CkjUVzufevvrAF7oUXF4thQc8wcWteoC8T6Xte1XWsW2WwClM8q5uZ3G5/OmJ3ENON4hK8O4XCCkgGFJnbSOAJGw2pbyrp7DYnW1hsQ546Ez57I3AIiJji1aO0haXVRjv5P1aMufh1KUGPe6IU4ppLySEm4AHlkFUxf1iPpT+hbQJacQ0pRROjw9zFgTH9ardO5S0hjw1JCrnVN7ixoFnWCQw546XCUg+ZCiTPG/PaKQM9MyZsJdxQb9OEaisEuRJKh5mDkU7Ppwg8zk7ZWBiMQtTi1JVh5sGik6oJEzJsJHFMGIWsMlKgNcgSbg3ufURSHkGbPYlXgt+GlpAUswCVkathJuRO9PeHx7ek61KUrhBgfKTvVMU4UEqy70/Y3R2ESJkrxEW9e99o85fhnPD1eKCFD/KgWIJuDMJBHFDg+44hIUG0occS2oi6hqUEp9NzM8fjVlxpTwU4HRo+DwomRyZ2Hbmb1jSw0GwolRSTYACATaw5/rSoWEKB3WF8+kG8MrEMmZZYhsBSEpS5ASVQLx35Mia51n2VNoWpSl6ZVISn7wjZXr610HM80bUlCXD4eu6SdwoRv/d6XMbl3ivFBTEIC9USmCTN/ltNaUxYM15VuHe6ufKE0I8jTBCsy64UghMDi9ZToy3hSkWR9E1lAdG6CbBjpxrK0a0VACTsK9VHn4AdVYlbSmnUCfDkr/wCwwD+/yrjv8Ten/BcGIb8zL3mSRwTcj5fkR2pl6160KMagJV9mDDieFp7H5XoiENPtqwKlgtODxMKo390e4k/I+lEmySU7JuP7bpaKy5oCnFux7xwdTykXFx2Im/zroWA6gYaYbSw3rdcCQVESpa7W9BP0pVz3KVsrLS0lJHevWU4ptKRqSEqRYGfinmPRM/MisrEIC01HEDOGkKEp15t6w94xODKfGxOKf8XSJQk+VBAuEwmCJn3q5kGXMFhLgJSAtQQVEykGJ1DYSb7c1zvM8w16UpBWSZItsPanz+HuZNrQ+l/UtTcS24ncHYzMmwIgi0CkZkpZluaD2D9Ythpy1TQSm+eb84dcJhJW2ULMxpXJ3G94sQLx2k9zQnqxWIZaUUJJNpIvbv70Z6bzRTxKPADDcHSBuo8EWAi22/6yOoWtZbBFgSSbgxxFKT5UtkkVLtSzsKMTpXrwh9cvxQULpn63eOZ9OZriFPyonSJkHkxb96zrRnxUaxZYFrTa/wC1dJcUUNKHhMpWQU2EfpXL+pC4gC4UjWUrjcHTIBtaxJ+VQnYOIT4d9Ldv+BFESzIlbLUe/wAwn4HL31uaQU6t/OYtXYv4f5D/AC7GstgOvAKVpTECLJPEgk/WlLpnp1T7yIV5JlwlFwkbjVPOwHua64GVRAOk+nFOT5ipo8opuo+6tN/KCISEX7+YrFhtRIdHF7RNVBlbAUFob1QZAIJgjkTRNxShcAKPc8/0qi/j9JPiNqiTBTf6xekZrS8he7HlWrm1bZ2gySs26P8AFImTj0A3SEkkDa596H9SMNPtqadASJF5Eg7yDcjt9ahxubtq1JRJB4Mji+96AONhSpVqSCYSCJB32vf51Axin2fW3sSedN4iPCJqB1eLeC6cYSLLTB3Un9d5q+z0uw2kam0FG2pNvQHywRUmU4cwVagUpFkpHmV6G8ViselR+JAANwQUxHvXLmkAFQqbfu45UPCDJBBZJtfujevCLDHS2GNyDI+ElZI/aflXjGZUlDYCQVIUfuHSPWdMVUzLN2rHxdleZKPviDbtvHNLmf8AVjbaQD9mNwhJ8y/Wxtbmj+Jt+VKK5HO+jN/fFxnaB2lq6/l3j3neKYwzKkhuE6tRlWoqVwB9B9KQsDjVuqUSspUtcmDAEfCJ3mYqFebh5wrfkJT/AJaBtHv+Z/pU+BwZfcWQ2EyCIi0fkadl4cy0kr+7X4HzCq522Rs2h36Uh54l0grCQk9wLj9DV7wUpWtS1JRoSpDhAGpRA2mPWaQMjzVzBvKUUE2KVC4i/lmxi/5miGZ9RLLep4AreA0hAkCTuRvtEczS0zCnbpWvx8M4g8nFbKVA0eLjGMOEa8NSpUUgiOxH72+VX8wyzDKQPFUpcie34C1B89xCShpCyDqSIVF0W/u1TYbE4XytuqcWUpnUowDfbgWF6CZSiAsOCSXbo75Q4fqktMtQmBwNGrkxd4u5IcPhgdDyG1FQ0lzkCJBM+pv7Ux5rhkLU2tLIU6VAga4EblYBsSBeDAPpSVjkJKS4y0kR5UEDYnbY3j1qVx3GOJZ0tqUoJOogA9pAnbvH02ohCiRV9XZ7djjRoxzjphTt4dBFbaDShqIuZhnS2VKbQm0kpJ7EmNrbyLdqD5VjnC+pQ1KUoAqiTpSDcntFE8u6fXiW3HXlqQUlYEx5SPa0TJ/5q3030uWmnDoJWpMLUVAWUnYaiOfSuIkywoKFTf31tGnJxKxhk7QAYVJI4AamkMAeS7oW4hK0wIBAIj/ipMRi0rIbQbxZMTKZAM947etLudZiptTWGCVBZEBMHgfjbtVBWW4/StKSkgEws6kkgwSLXAm0elLSkTFB1ln16d6xOPSjwtmWakZfnWHJ/J/MdQamfb2txaspOyvAPvtJdW6ApUyCo2gkc+1ZRVS0gkEDqYwxgMUQ4tx/Ud9cWAJJAHc1z7rLrRCUlplWo8x+vp6Ug9Q9Y4jEHzrITwlNhQBDxVYCvosn6eiSy5xc6C3X9RgzsYpYaWGGp/HfKMx2Ikkm6ibk0y9HJOJZUwlUOIPiMn/SoXpZxGDIG8+1Wem8Wth4OJMRE/IzSeK2jN2jTu8FwikbDCHjMsOMyZUFJCMaz8aD96LSO4rjmOwykuEKEEV3jEtIx0YnCEIxjY1QLahyPUH6ilbqPKG8e0t5oaMS3Z1nmefnyIpCbLrtAVzH4h5Knp0PxHMMJiUtrCtOoDcV0TLnQXBiFIcbSloAEtmV6tkzyBAM+vvQLp7A4MQ2824465ICxs2exE2I73+W1NrmSKDBLeJ8iDpV4moFItP0B/4rGxigae+mfzGnhEECC2R5lpkog3gEmPht22pgyzNoJKtIkTIMkq7cAAfjVDpfANBksSJIJKyB5yTz7cCtOZa61JDZi99MwY3vxWN4anSuXVNdWGr1DHN6dI1yhDKTMor3gi9m8JW6tBCQQNe4n23HvSxmmDXi1+E2gecpUVD71/iJ9BVvAZS8+kDZMglRt6iRz7U55ZgEMICU8bnv/faiYfDLmKSoksNdbkjjvoL5QvOUlAIEecty5LDYQngCT3qwDNq2pU+1bArUSkBgm3fbwo+ZvEbqLxVN0em9S47GIQCpRt3/AGpXzTqIR5SlKRyTf6UvPKCSM4NKBaCuKbbT5jA9aG47NmkpKY1xba37UnYzrBhTmlK1PL3EbCLkTtFqUMw6yfWfs0BtBNjudo3NpieK6Xg1LsPj9+kcvEoTm/r+vWHp/HquUwge/oNzPqdjS/j+o2EfE5rV2T5j63EDeeaRMVi3HT9o4pXuT+WwrCyCbnSmBeJpuX9OQj7j0/NzCq8cpVvX8QdxnVqlAhtIRGxMEn9AfrQrFvBSQ7MrJ2N5rbmBZ0akugnttNWcLgUqaIBuRIjvTITKlB0hohMubNcEvTtohwCitUqNzef2ovkvVCmlBC20qTMBQEW2/KguAwyyhZS2ohPxqAMJ9zVzLMIt1SUtJB0ndXwzM3/aumpRV/679YXE1aSkJH7h2zvFYdxqQl+SJ8iQQTxxftQDp/COeKlYbJSB5rWSYNvQ8j1imjHZipottPMNFahKSi0QYuDcX+tR45TuGZK2mw4pZKld5PYem1Zv8goAQLmz0jUGB8cEqJCRpfgNekVMWP5h1tkpPiNkEqNhoBBBPy8o+XrRPqLL1FBU2TsQUwmCItxIv/YpW6Y/mC+t1SCoKsVyABNwJJ/D966G6cO2kFxZdX/9tq4BiYMG3/kQKFPRMM4MRQcnN/Xc/O84XC4FMou5JObFQ00bXTjHPekcC4rEpSopdCFSppSiNNpCo2MdjvNdKxuaMNLS04fA1ALS8BDZIMQvgHj2NjVPp3KgCX4hTqyUhIFhGlIV69quYtkQE4hAWUfDqEi97cGNqjEThtbak04djWt4iRILbCTWAuctPLeDKVoKVfaAJP8AmXv8ogxzVxsuqPgrS4pRmwHBiAo7CCN55qPPcSpKWnpBMaUkiCkjaY796r5R1qG9QxGpYtCkgWAHMG/eY5NCQkKACRT89fWBfUkIZMuaq9RuYsRWkXlOoZeDSVlT0EHSnV4YNwNRBuO0bb8UUfzEhBWn7ZYslAASlvglQmSoHf8AIb1gxge0lpKQFDyOC5g3+IcVz3r5ooIYDpkW1jy6iRJSYN/n3osjzrZH22eu97sTVvmOQlMpADWsO/zHtWAxUnQ6CkkmSe5k8dyaygzHUONSkJlNrbVqi+BO/wDMaP8AMkaGJ04Wd69tsoTULmJSnc1Ucx/+0/O1fUl+EC6o+ZBExUFy4DxUjWAC1Aawme9Lb2NJ5+QqNLzpsJpWZOkGjdBBUYRQq8PmHwT+HXrYdQCm48wv6VfdxynCMUhIZxjY8wMFLwtIrnCcO4d1H61OG3E7qWKzVy5RsSDwHfdY0EGYnRucOOLw7eKH85hUw7MutckjkDhQO1bwWbLxTDzS3E6ioymNJiAPrIueD8qW8gxBbX/mqTJsofdP6imLHZQt9aChOjE7pWgeR73iwPeaxcZhEzEkpoY1MLijLPmtBLA4txtKwtJGhO6bj67RTBkGX4nEDxH1qQzwnZSx+YH41b6V6bLKfExCgpxQGpAMoSR2kXPrTKVTXn5eESCSrPKN6Z9TKkbKAH/6b204x4SgABIEJAgVo+u3ArFKNZ+JpokHvvpCQPffvGf3FCM6zpLQIBBVzew96j6lzxLCSAoaovf4B3NcgzDqXx16UqhvdSjuq/5VRW0p0p5nvOCy0gkPDRmuauLBXrmZidvkO1IXVeKC1IQkLMpB33VN5A4+VHc0zJvSAgyAI/egmWulbql+GCNklQ29j3/eowqSn/KoW5QT6ilEuUALxSyrKtalpKwkgeUWGs22tccfOtOZY+oFvT8CidUiPl8qaWsCcQjQl3QWZJURMSNiUjYfW1WsM6yP/ToeC3A3dURJ2MD+zTRnrqr0a2+EES0EDf20c8Wx4chV6JYDArxAIPlQkSSRc7xHy/SruIwwWtKYGltIuLkjYfOxqQvKQQlIJUbgC5NtqIqcSA14qMOHcxVTk6GmlLcXO4UAJ5tFqFZS6ouBtE+Y+UE/nTzlWEKEhWIak7lGoCTMwd7U7Y/A4cKSpbDQDseIYTIURYzztFt6XVi2Qqm0e7diDiSUqSUloA9OYJsNqw7jWtCwouX0zI33+X0onknT62WDoIJ3TKREAWvz71dOEw4CQknUhWsJFkkDYm14MHepMTmSnZ1GE8AfrWUuelAd3erbzqcmjRl4ZU0uzNR8+UBerm2V+CpaVBzbxQdITBFjYzN4EWvQpjMiFBtTa1NaoU4ASEiNzAt2+dH/ACPEt2UkiDO3t7/lFCcqeXgEuIcQf86+q5LdgCIsSLkCiytmcgbVxlxzEDmLn4eaUpV5e/WJMjxTSMDinZHgIXDaVRKklRGrT2II094oU3m7K3tLaglEgqV38oBPvEC/apusC0ltbcJU2552jMgcFKe1zPaCO1K+SFtp5GpKlK0gpSBMxx7+lNCQle2qrl+HfzGPJWoTahm9XfvlDti86VrCGkKLSkQDEBfEpV2G0zeqGULU04sLKihZ8i1GZ9JnioP+o3T4icQFNLTKSg7lNoSOLjcihGMzjxGXMMhElaklsz/lwoGx3sOaH/HUp5bMO6wzJ+qLlz6DlmYOZ1naC0prUCpCwQJ2kH9Z+opXs4QkHzLITvvJE39q9M5XhU6keP8AbQJAUY1XkA8271BpS0rWk3TJTNMy5SUApS77weXJ4D9QTMmrE4gMcg5ZtaZx0LN+pVtpaw7SkAxphImCm1jwBSDnB+2BdUVpI1Rzed/nPvvTthelMQ60hwPoBUmSNJJTItyJ7elJDuCfhfiIAMgKUqdST2Isfw5rsOgpqo/uKS0YgqIX03xDDHZY/wDKtVCppYN0Cf8AtrKZ5+sA2puY9P1BFvDlcIZaVqPPxKPsBtTPlH8L8a9dSPDB5cMH6b/hXcssyljDp0stIbH+0XPudzV0mtteLUbQqmQBeObZT/CDDpgvuqWf9KBpH1ufypuwPR+BaEIwzfuoaj+M0crKXVMUq5goQkWEUTkuG/8Ax2v/AOaf2qq/0xg1/FhmvkkD8ooxQbO8/bYGkeZzhI4/aqO0VmzUSkFcwsBC7nX8PcBBUnU0eIMz8jU2RZejDthCJ9yZJ/ahpzVTitSjJ/Ae1XsPiJpDFTFEMbRmSvqKZy3RaDqF16MnaqLLs1bQ5SAU8bkqaGiTTxuaDZxm+j7NrzOG0jj2qp1P1KhltR1QkfErv6CuYZf182p3U4hSYJgzMjgHt61J2yklCSW0+Id2ggOs8tYM57l7jrepYjzKCklXx+aAokwALWHM78VXyLJ0M+J4rYShxISCrTp1Amwv96R/+tR5/n7bqJQqQkXM/ESTt/fFFelMY24ynxUpUloFR1XPN70vL8XYrnxp3vgclYmTduoIFncHk3tC/wBX9BlCUKwqSSqStBV7fDePl7UKZwmIS5/K6PMkAqV8SUpUB/x3kHtTxmPVTK0gshSdJ0gHge29VMmxJ8YuFAU2E+ZWoAzvEGDFqP40z7SHAsS/zdoYXh0LYkxJmWCGCwcNJsSPFKj5ljYn09u1KuHfAeStDYCVSCpO47SKM9W52h5QaC4QrZQggkQQKXMNi0thWlJWUm6gRAq6dojaZ3iFMCEgsBG8ze8NahplRTqgRe5/v50Aa8RayvVoUPWCPai6GlOvFcKCDAJixPNxR3CMsOK8NKiVkGyhbaN9P4TTKSJYZqtAy6y70iToopcQUulSik2VMk+9MOb5mG20lCFFKZuQYmLAk/Ols4RwJ+FTahIKpiw5J5HvV/I84cQypOIb8ZsHtNjYynax52pGYhKl0ZjlnvHDhFlqSmXsLLP3a8MvR+G/m23FKV5FJ0CDBTIv84NUc0yVYWGvFVpCYI2kiBa037TVdOaIQW1MJLXmClBtSjbeVJgJNHi0HVeJrk7g8Gb7UrMSAAEXr3lDOFnsClKnYD9cuy0Q5Hl4QyWxGpsgqHNyfwjb2o1nuSh5pJR8enfeAd/3qDBFhnU46sFxyARM6UiwSPzPvTPhcUypEpMAC99vehypQWouQC2etz2/EadNmEVbv39I5krpbDJhoBS3IspckAgztsJJm1LGc5Q6z4b3gLL6XAEeFCkKOqNKtlAkcxvXTM6xuD8ULWR4qfg0m6iLXHNjHal7Ms1Rh31Oq8VanDLbbZKgBoSDbaSRO3JjmtCRiNoH/bsv7V+bwCZKs1O+2iDqbpI4zEMPKPht6dTwnzTAgD3FieIpN60zQq8mGYLeHbJSHEpsqLE6h+BJ2vzTbli3AMRiXEOpSVpCW1alrEwCpPZN/hiwSfahfT2X4lnEOBl0qZJkJ0g6tRNo+7HJ2g0dE4iq2LW71eKKlPROd+9IROn3glwDSCVnSCTa/BHNOLfSYS8040AtCSFLbKjJPIg2Im8Wt3oN11k7ycQ66WkhsaZUgQL2Fp32H0plyNh3+WDzro1QQ2oeYKEeXVHM94P41OJneTxEG9CL9/HNonDJZeyoWqOvz6w6YPGpHmUYSJJB+6f0pT/iApLim1qbKXEpWQpN0uJ+7cfe7gi07mimWZO5iWwvEFKSUqS4ltWqZSQDI2UCQee3rUWPzttpCWUYZa3GrJStM/ZiAVneB2+VIYcKk+V3H9fvdGjiJiFkLAY989HeFzCZ6jQmSnbsP2rKYGeqmSkS20n0gW/9tZXKRLf7T6Rb+WrQesdurVZNZXpY8zG6xSgLmwqvjcahlBW4oACuedQ9TrflKJQ325VUgPCeMx0vDJ81TkBf9DeYNdQ9XAS2wZPK+37+9JSniSSSSTuTzUBVWwaqqPIYrFTMSramHgMhw/MWkKo1gXJAoG1V7BumYpSclw8Dwkwy5rDOGFp6oX8Spw6G9uT3/pUOGaW6dCPme1MWFwKW0wN+T3pSTh/GL/6++4R73CSzJQFL+7TTjvhPz3IkON6VjV+ntXMc16TLZKmoPpuPpXcsa3NLOaZdquLHv+9a6UJSGEXUskuY4y+0mbpLR+qTVwZi6hGkQUndSbyPamjOsqg+ZO/PB+dLeJygg/Zqg9u/6VVcpK/uESiYpBoYibeLh8h06Qfc9rV6zN9Zb0qUpSBeLWO0n0vQ99K0nzov3TY1pnFkEwqbQUr5pY4ViCkw4nFjYKVDnHjBtOOHw9EhPm32HFEMGgI1NgeZQuOwFDmHVtklMiTNvyq3l2bFOKQ4sTJhVuDvXTEKrpAUTPMI6Nl2WgNHUiAUQIECSLx+/rQIqcwqkpMhTlwBewIBJP0pvVm7PhzqI5Aihysc243IAVJASfckH51lzJmxeo+Y0pCPFVspNc82HCL2MyN9SiVlKmiJAT8V+DxHrS1jcHjjrZGlASkShBF9UwDF7+tqfcLmgbYUHUk+EkQUiTA2Ec1Q6WcUtS3XEjUqI3gJ/wBIB2jeq+N/sg37MRNwaVlpo+31jniziMO19qwtN7EixPqdqs5LnjqE/GopTKwEpnVv5bjbnvXSM7w6HlfyhhOpOuYknSRsON9/SlXGdPNYYIcStybi/BG4ngf1qXCgXTc93hISEYZXiJP5+BWJOlsWjE4hRfwwDgRrbKk8eUAiReQd+KsdT4VSGAEK030hDZ06gbb8G9zS3lHVjiHQiSsQR3Pt60+Y1RZw6nPDSvELEIT9YE0FUnZU5SwbUtenvp+Q/LmiYhx+45llPTS1Oql0goJJAlSgJ3kjsZmmTIMF53Cz9uEkEqJOv1Fxcb15wz+KbcDjiENFIkp3kTybfrFNeUIwynRiEGPFAUbxeADIB34+VGMwzak6ae9o5JlJdKbt0iFWaqWIAUFAgFOmCB9OBegebYpPl8Ek2Eqv5TO5I2FOOLxKC6nw0SR95MGbc/Kq2NylTbTqcOhKPFkqtyd5H6UsJA2ypRduffxAJ0hMwhULzaiWNGICVoMpUConULXuJ7H5VCyyyyA02S2gaiEnzAn3N9/WN6rZOzi0JLCygpSkkOETI5B7KHr+9L+a5h5STOki/oRt60ZEm6Ab1YW79YYnr2k7Vi14N4XPXSs+GChKDYyYcSN5G0nf/imQZm2spek6lJgJHCTBg+sifmaV8BjGHWIbeeQlQ0qgBV4EjYn8a00MMyUFbpBRsokJtwIJuaky2SQnpC2H8QElbQQwycKUjU2J51JM/O1ZQjFdXYTWYUo33071lU8HEf8ACuv6hjxJX/Qj6FSqhef54jDIkglR2HesrK9KI81jZqpUhS03Ec1zTNnMQvU4q3CeBVIKrVZVzHi5iitW0ouYya9prKyqGBmJQqjWTYArVpTvyewrKys+b55qZZsY3/oMhB2pxHmTbd+4ecFgktJ0pHue9enDWVlaAAAYR6Q3ig/QvEtVlZV4oYF4vDgggifelnGZGJJQY9Dx7HetVlcYiAGJaglC07d4ND8RlTahtFZWVEWga/kik/Cq3v8AvQ91lwbgGsrKgxMaTmLiQRrWPnPtRHJ+o3WbJ0qE6oUOfesrKEqUhYZQi8uYqUraQWMW8X1a84rVOgGxSCYI7HvTDlXWiEMpTrKHQTPk1Ai9hex9eKysoJwElflZuEMDHzlKdRflBz/4gMuHUkFKpSCSm5AHp7mhXVXUyNS8OpvWHACFTGhVxtFZWUqmQkKPeUSqaS0LLSAwoKSLn8qaVOPueCpca1GGyVcCCRAkAGPet1lLz0g1MGSspZIzMEISt8MrbGk/CJkoJ3gzsTVt3BDCIbRYp8UEnf4lf1g1lZSYfZJfT3htTbQLRbUpnC+K6VDSsggBJsSYNgI3quf4j4RAhS1kjnQf2rKytXD4VKplzWFZ84gNCpiuvMMhbq2ULWXAQrUIF77H1pUxXUqlNBnwkaJJVv5ieTEH8a3WU4nCSk1aEjiJiqPA5nEPaSlCilBMwDF/zrSMIVHzKKj/AHyaysoyRAyXvFhOV/7R9aysrKh46P/Z', '', 15, '2021-05-29 09:20:38', NULL),
(14, 'Pinoy Beef Tapa', 'breakfast', 'https://www.kawalingpinoy.com/wp-content/uploads/2013/08/beef-tapa-1-1-227x295.jpg', '', 60, '2021-05-29 09:28:27', '2021-05-29 09:30:15'),
(15, 'Puto maya with sikwate', 'breakfast', 'https://www.kawalingpinoy.com/wp-content/uploads/2016/04/putomaya2-1-680x662.jpg', '', 45, '2021-05-29 09:30:52', NULL),
(16, 'Pork Tocino with egg', 'breakfast', 'https://www.kawalingpinoy.com/wp-content/uploads/2013/06/homemade-pork-tocino-1-1-227x295.jpg', '', 30, '2021-05-29 09:31:42', NULL),
(17, 'Chicken Tapa', 'breakfast', 'https://www.kawalingpinoy.com/wp-content/uploads/2016/05/Chicken-tapa-4-1-227x295.jpg', '', 50, '2021-05-29 09:32:28', NULL),
(18, 'Eggplant omelet with tomato', 'breakfast', 'https://www.kawalingpinoy.com/wp-content/uploads/2013/07/eggplant-and-tomato-torta-5-1-227x295.jpg', '', 20, '2021-05-29 09:33:10', NULL),
(19, 'Daing na Bangus', 'breakfast', 'https://www.kawalingpinoy.com/wp-content/uploads/2015/09/daingnabangus1a-680x4901-650x468.jpg', '', 25, '2021-05-29 09:48:07', NULL),
(20, 'Pinoy Scrambled Eggs', 'breakfast', 'https://www.kawalingpinoy.com/wp-content/uploads/2015/07/scrambledeggs1a1-650x459.jpg', 'available', 15, '2021-05-29 09:49:05', NULL),
(21, 'Buko Salad Drinks', 'drinks', 'https://3.bp.blogspot.com/_rBrnSm1Xl08/TSnNDzYrZsI/AAAAAAAAIM8/okIodwmwrQk/s1600/fruit-salad-drink.jpg', 'available', 30, '2021-05-29 09:57:04', NULL),
(22, 'Beef Afritada', 'lunch', 'https://www.kawalingpinoy.com/wp-content/uploads/2017/10/beef-afritada-2-1-227x295.jpg', 'available', 55, '2021-05-29 10:08:02', NULL),
(23, 'Sinigang Mix Inasal na Manok', 'lunch', 'https://panlasangpinoy.com/wp-content/uploads/2021/05/how-to-cook-inasal-266x160.jpg?x28689', 'available', 45, '2021-05-29 10:11:57', NULL),
(24, 'Adobo', 'lunch', 'https://i.pinimg.com/236x/17/87/4e/17874ea7bcfa13a6c139941c6a952782.jpg', 'available', 45, '2021-05-29 10:16:12', NULL),
(25, 'Sweet and Sour Fish Fillet', 'lunch', 'https://i.pinimg.com/236x/9a/01/d0/9a01d04765fc2782ad9921527895e5c6.jpg', 'available', 50, '2021-05-29 10:17:23', NULL),
(26, 'Ginataang Manok', 'lunch', 'https://imagesvc.meredithcorp.io/v3/mm/image?url=https%3A%2F%2Fstatic.onecms.io%2Fwp-content%2Fuploads%2Fsites%2F43%2F2020%2F08%2F06%2F78168.jpg&w=300&h=201&c=sc&poi=face&q=85', 'available', 45, '2021-05-29 10:20:16', NULL),
(27, 'Ginataan na Hipon', 'lunch', 'https://i.pinimg.com/236x/62/f1/c0/62f1c02a15a1a03363da5bfbc72c06df.jpg', 'available', 75, '2021-05-29 10:21:46', NULL),
(28, 'Lumpia Shanghai', 'dinner', 'https://www.bemytravelmuse.com/wp-content/uploads/2016/05/KP.jpg', 'available', 10, '2021-05-30 08:47:45', NULL),
(29, 'Kare Kare', 'dinner', 'https://www.bemytravelmuse.com/wp-content/uploads/2016/05/karekare4-1.jpg', 'available', 65, '2021-05-30 08:48:17', NULL),
(30, 'Pancit', 'dinner', 'https://www.bemytravelmuse.com/wp-content/uploads/2016/05/pancit-a.jpg', 'available', 25, '2021-05-30 08:49:10', NULL),
(31, 'Halo Halo', 'dessert', 'https://www.bemytravelmuse.com/wp-content/uploads/2016/05/772px-Halo_halo1.jpg', 'available', 68, '2021-05-30 08:49:47', NULL),
(32, 'Leche Flan', 'dessert', 'https://www.bemytravelmuse.com/wp-content/uploads/2016/05/KPlecheflan1.jpg', 'available', 59, '2021-05-30 08:50:26', NULL),
(33, 'Ube Halaya', 'dessert', 'http://3.bp.blogspot.com/-C5HsFa5DtCU/Ug9YcDUkqjI/AAAAAAAADzA/K1vNO3IIA28/s1600/halayang_ube_with_latik_purple_yam_jam.jpg', 'available', 55, '2021-05-30 08:53:18', NULL),
(34, 'Mais Con Yelo', 'dessert', 'https://images.saymedia-content.com/.image/ar_4:3%2Cc_fill%2Ccs_srgb%2Cfl_progressive%2Cq_auto:good%2Cw_1200/MTc2MjYxOTc5NzA5NzExNTMz/beat-the-summer-heat.jpg', 'available', 60, '2021-05-30 08:55:28', NULL),
(35, 'Mango FLoat', 'dessert', 'https://i.pinimg.com/originals/2b/a9/18/2ba91813a8de9422b88d6b7d164942fc.jpg', 'available', 55, '2021-05-30 08:58:22', NULL),
(36, 'Berry Cheese Cake', 'dessert', 'https://i0.wp.com/recipesbycarina.com/wp-content/uploads/2020/08/Berry-Cheesecake-Recipe-scaled.jpg?fit=1920%2C2560&ssl=1', 'available', 45, '2021-05-30 08:59:31', NULL),
(37, 'Carrot Cake', 'dessert', 'https://food.fnr.sndimg.com/content/dam/images/food/fullset/2013/11/26/0/FNK_Carrot-Cake-Cheesecakes_s4x3.jpg.rend.hgtvcom.616.462.suffix/1386172247565.jpeg', 'available', 100, '2021-05-30 09:00:26', NULL),
(38, 'Chocolate Cake', 'dessert', 'https://assets.tmecosys.com/image/upload/t_web767x639/img/recipe/vimdb/202685_0-803-5447-5447.jpg', 'available', 75, '2021-05-30 09:02:08', NULL),
(39, 'Maja Jubilee', 'dessert', 'https://www.kawalingpinoy.com/wp-content/uploads/2020/12/maja-jubilee-2-1-227x295.jpg', 'available', 45, '2021-05-30 09:03:23', NULL),
(40, 'No- Churn Buko Pandan Icecream ', 'dessert', 'https://www.kawalingpinoy.com/wp-content/uploads/2017/09/buko-pandan-ice-cream-6-1-227x295.jpg', 'available', 60, '2021-05-30 09:04:26', NULL),
(41, 'Pineapple Upside Down Cake', 'dessert', 'https://www.kawalingpinoy.com/wp-content/uploads/2020/07/Pineapple-Upside-Down-Cake-8-1-227x295.jpg', 'available', 75, '2021-05-30 09:05:06', NULL),
(42, 'Yema Cake', 'dessert', 'https://www.kawalingpinoy.com/wp-content/uploads/2018/07/yema-cake-2-1-227x295.jpg', 'available', 85, '2021-05-30 09:06:31', NULL),
(43, 'Avocado Icecream', 'dessert', 'https://www.kawalingpinoy.com/wp-content/uploads/2017/07/avocado-ice-cream-3-1-227x295.jpg', 'available', 75, '2021-05-30 09:07:41', NULL),
(44, 'Mango Icecream', 'dessert', 'https://www.kawalingpinoy.com/wp-content/uploads/2017/07/mango-ice-cream-3-1-650x660.jpg', 'available', 89, '2021-05-30 09:08:28', NULL),
(45, 'Avocado Shake', 'drinks', 'https://www.kawalingpinoy.com/wp-content/uploads/2013/09/avocadoshake6801-650x550.jpg', 'available', 89, '2021-05-30 09:10:13', NULL),
(46, 'Cucumber Lime Smoothie', 'drinks', 'https://www.kawalingpinoy.com/wp-content/uploads/2017/06/cucumber-lime-smoothie-5-1-227x295.jpg', 'available', 55, '2021-05-30 09:10:58', NULL),
(47, 'Buko Shake', 'drinks', 'https://www.kawalingpinoy.com/wp-content/uploads/2017/09/buko-shake-1-1-227x295.jpg', 'available', 60, '2021-05-30 09:11:56', NULL),
(48, 'Mango Shake', 'drinks', 'https://www.kawalingpinoy.com/wp-content/uploads/2015/04/shake1-650x593.jpg', 'available', 75, '2021-05-30 09:12:33', NULL),
(49, 'Calamansi Juice', 'drinks', 'https://www.kawalingpinoy.com/wp-content/uploads/2013/05/calamansi-juice-6-1-227x295.jpg', 'available', 35, '2021-05-30 09:13:11', NULL),
(50, 'Melon Chiller', 'drinks', 'https://www.kawalingpinoy.com/wp-content/uploads/2015/07/cantaloupejuice1a1-650x488.jpg', 'available', 45, '2021-05-30 09:13:44', NULL),
(51, 'Mango Nectar Juice', 'drinks', 'https://www.kawalingpinoy.com/wp-content/uploads/2018/06/mango-nectar-juice-6-227x295.jpg', 'available', 45, '2021-05-30 09:14:21', NULL),
(52, 'Dalgona Coffee', 'drinks', 'https://www.kawalingpinoy.com/wp-content/uploads/2020/05/whipped-dalgona-coffee-227x295.jpg', 'available', 55, '2021-05-30 09:14:44', NULL),
(53, 'Pina Colada-tini', 'drinks', 'https://i.pinimg.com/originals/74/a8/c6/74a8c674ccbd1bd3f3ef7a0675964200.jpg', 'available', 99, '2021-05-30 09:17:18', NULL),
(54, 'Raspberry Martini', 'drinks', 'https://www.acouplecooks.com/wp-content/uploads/2021/02/Raspberry-Martini-010.jpg', 'available', 85, '2021-05-30 09:18:14', NULL),
(55, 'San Miguel Beer', 'drinks', 'https://inspiredbycharm-wpengine.netdna-ssl.com/wp-content/uploads/2020/03/mini-beer-shots-recipe.jpg', 'available', 59, '2021-05-30 09:19:48', NULL),
(56, 'Water', 'drinks', 'data:image/jpeg;base64,/9j/4AAQSkZJRgABAQAAAQABAAD/2wCEAAoHCBIPERERDxAZEQ8REhIRDxAREhISEA8RGBgZGRgaGhgcIS8lHB8sIRgYJjgnKy80NTU1HCU7Qz01Py84NTEBDAwMEA8QHhISHjUrJSs0NDQ0NDQ0NjQ/MTQxNDU0MTQ0MTQ0NDQ0NzQ0NDQ0NDQxNDQ0NDQxMTQ0NDQ0NDQ0NP/AABEIAKgBLAMBIgACEQEDEQH/xAAcAAACAgMBAQAAAAAAAAAAAAACAwABBAUGBwj/xAA+EAACAgEDAQQHBgMHBAMAAAABAgADEQQSITEFE0FRBiJSYXGBkhQyQpGh0QexwSNygqKy0uEzU2LwJGPx/8QAGQEBAAMBAQAAAAAAAAAAAAAAAgABAwQF/8QAJBEBAQACAgICAQUBAAAAAAAAAAECESExA0ESMnETIlFhgUL/2gAMAwEAAhEDEQA/AOxWOWKSOWenXnw1I9YhI9YK0hixqxSxqzOlDFjBFrGCZ04IQxAEIQ0oIQxAEIQ0lwpQkEpBCXJJKJJcqSUi5JIrU3Cut3YZCIzkDqQoJ/pIjzf07bU/Ze0LNOc9/q00gA+93JVKGVfeXVl+DtMn0H9Gk0lq1gb2rRNRqbD+K85VFHkFw5nR66ladKjW8ugLk/h75/vvjzyWx/eM2fZNCqm8feuPeMfHkDaPkoUfnNrdY7/xn3lr/WfJJJMWiSSSSIkkkkiKlS5JEVJJJLQMow4BkRRgmGYJiEBgwjBiFzKRyxKRyztrlhqR6xCxywU4csYsUsaszpQxYwRaxgmdOCEIQBDENIQhCCIUNIQkEgkEpFwoIgNcB0yx6YUZ5+PQfOUvZokihaT+Aj4lP3h7j7P6yaTY5gdquQqIv3rHVQPDC5ds+7CkfOZuT5D8/wDiaZdULdVafw6ZO5BGcG18PZjzwBUPiWHgZcnKZXhxHpL6RlrND2eQTdcuiFq8gr3o5+eSOJ6iqgAAcADAHkJ5N2bQe0vSNtQK9tWjUF92Ms6hlT/Mwx/cnrPPkPz/AOJedvGN9DhrmwUkHJ8v1/4l5Pl+v/EBrklZPl+smT5frIi5JW73fylbvd/KRBSpW73H8pRsHv8Apb9pEXJA71faA+Jx/OHLRRlGFBkRRgmEZRliAwYZgxKcukcsSkcs7q5IcscsQkesFOGLGrFLGrM6UMWMEWsYJnTixDEAQxKpQQhCCIQgpCEkoS5SLE47T6Ws6vV761Zhbu3FRuw2T16zsROWf1e0NSPNa2H0rNfD3Z/TPy+vy3FWjQdN6+5bbVH5BpkpQB0Z/nY5/mYNR4EesGRRiaxymxVZi9r7EAK4B2sxJJU4AVSenkPGanU6c6et2Wx9qLtAArO9jgnA25JLEjJOST1m07SJFmlK9Tc6/I0Wn+YWaTt+w7Ci5FVSM+7lmexQSg953YbzJEXiltHyWaB6Eotn2u9MqWuFLWKq4uKKCWAIPGWIz446dJ1fdt7Z+YT+gml9CuyW0Og09L573bvuz1Fj+sV/w8L/AIZvoMrvK08ZrGQG1/bHzT/mTD+0PoP+6MkhPReH9tfoP+6Vh/bX6D/ujZJE0Xtf21+g/wC6Dsf2/wAlH7x0kiaJ7tv+4fkqftKalv8AuuPgKv6pHyjIrTU6ylwD/wDIs6dP7IfyQTB9Fbne3V73d1rsStA7swHqBj7vxD8ptNefVPwmr9CV9TUv136u3n+7hP6Tbj9Osv8AuOllGXJMWwDIZZlSxCYMMwZaOVSOWJSOWd9ccNSOWJSPWGnDFjViljVmVKDWMEWsYIKUEIQgiEIacGJYgiGIauLEuUJcK1zmO0V29oA+D0L+YJ/adPOb7f8AV1embwZWU/InH+qaeL7B5fq3FB4EyVmJpj6omUsrPtePTQekmoCanQBidveEgA8tY711KMePq2Wn/DMuzSh9RUBwlRNrjzYDC/qc/Kcn6f3XrrNI+lU2PplazYBuDMQwwwHht3H8p2HYav3Ye0g2OF3kdM45x7sky5vHHY3WWWm0hQYUybJJJJIiSSSSIkkkkiJBMKC0iNb2o2EY+4zB9BUxoUY9bLL7Pk1jkfpiM9IbglLsegBmV6NUd3o9OhwdtajI4De8fHr85tlx45+WOPObaSSGSYtgyjLlGWKjKhGDIjlEjliUjlnoVxw1I9YhI9YacMWNWKWNWZUoNYwRaxggpQQhCCIQhpQQhCCIQhpCEuCIQhWk570rGG0z+Tsv5lP2nQiab0pQmgMPwuCfhg/sI/HdZwPLzjWTpD6szFmv0D5UfKO1uqWpNznAZlQH3scfoMn5RZz92lY3hy3afbCrqgi1sW1JSui71DXv2k7SM54AJ6eBnYaIYrTHQjcPgeR/OeeeilH2u5rmLOdKvqM4IB1Fm4Z567U+Xr+6ejjCADooAAzwABJ5LxMYmE5tHLiTqUHjn4Kx/kJi6vtdKvvA7j0HAJ/XImcxt6jS5Sd1sZi6rXJV945Y9FXlj8vCc7qO2brmCICgbP3BzjzLeEy9LoQPWc5bx93zPWOeLXOTO+Tf1M1Xa9m1u7QKcHaWy/PvAx/WaurtTUMzizeCuCGHCH4EYB/T4TejSBuo4ltpQvKj4jrNJfHPQ2ZX2wuze1LSR3gDVk4yzKtqe/b+Jf1+PSbN+06lOGYqPaZHVPqIwPnKrQdduDMbXVZ5xkQXHHLL+CmWWMbMXJjIYEHoQQQfnJvDDKkEHoQcgzgPSJmopeyt3rI9Yit2UMcg8gHx556zktN6T6vRrvptymWd0cKy2FurEkZznx/PMV8H8Uf1ueY730y1xCFEXdhbHsf8CKiFwM+JLBRj3mdboqtlVaDoiKv5KBPJ+1fSqvVXVabTrmq9tNSXYneHe1DYP/LgkZ8TmewQeXiSH4+baoySGSZNUgwoJkRUqXKli5NI5YlI5Z6FccNWOWJWOWGnDVjViljFmVKGLGCLWMEFKCEIQRLENKDEsQRCENIUIQRLEK1zVekzqmltd87UAY46+XH5zazWekib9HqR/wDWx/Ln+kvDjKKy+taf0b7Zo1O1K39cIGKHG4jGPgfA8HM1Pp12hvtr06cmtXscbsf2tgFNYz7u9z85w73Np3R6n7twFcMjKQfWGDj4+Hwm37BusfXV34a1Xdxe7KXYKVBU5PC+si88Y906csedueZcad56Pdm9xXWFva1HxcHOQNpQBVUHkKMjAPPErt3t+vTOtSr3lzKGIJ4RT0J+MRoe169KhpZw/dl0LIwbaiv+IDkH19vTHqzQ6nX133PY9YVnAVEL5dwAFXHTgY5PQZlY425byXctTUbjU+kNu1NiIN5IG1hvwActyeF4xn8pzvaXadguStFGXBK3XkrVawzlE285JwMkeOTgczo9L2Lgbm9ndxzxjw8/CN0muxfpqyq1o29ssOrqqkJz0JDE493ujupL8Rm7f3Mmg0IjOjL6oHetjDKAM5cEZHHn4TZ6epicngeGep+XhNMKkOves1sUaisMrbXS2te9I9/qsqj3bgPGdLp7VflSD6qtgHkKwyuR4Z5/KYZZ3TXHGbBQ6uCU6BivlyDgxisD05HmOR1IP8obLjHxz5Z8OfzmNqbkqC7yV72xUUrnJcjj4cL8JnvbTpNRaEUsVZhkDCKWbn3TA1lyLlt2d+RuGCFRSFbkeALc56E+7idmVM7tcbXYf21bVuFAVxZjnGQdoTAwfEnx4y/vOyEY2+sMeIwOv+In8o5ZKF3Y4v0yYfZX2jIO3w5A4nmGofcQE6AYI5JYdJ6L/ELUGlCucCz1NxBKrnxPunnWAAuHB8vHnx5+M6dy8RjrXLY+h9G7tTRr4C4NnGfuAk/oJ9CTwz+GdO7tWnyRLbPyQqP9Ynuc5fN238XSSSGSZtUgwpJEAZJJJYuSWOWJWNWehXFDkjliFjkhpw1YxYtYxZnThixgi1hrM6UGIQgiWISgxCgCEJSxCEIAhQkITH7RTdTavnW4/wApjpHGQR5giV7S8x4HryoLbsbfugdepJwcDHGDHabUEVjOAcEllXc+3POMEeXWVrmO9qwOd1hJKnaOVAyemOv/AKJjfZia927bWwChVyzqu4YBPgMnA/TAwZ228uOdNrp0qYV2G4AK1gCGxd6ICSodNmTkk45GCcZzmd12bpl2u9QBbYSrhlLLkYYgn8JG0+XqzzbTG3cVpTIAAsQMVd1zkAOc4JyP5Tp9H2rWhR6jsZFPeBGsTHq4y6sp284455la3NFvXLt9C9qUL3qruCDL14G5gSD6vIUcA5z4npiXQKbKLnKF6W3M9bBH9dSd+Bnggjzxxn3zTaf0s3bBZT94NvKFW6Z5CnkggE+XIj9f29YEH2fYCc92Sj2CwjI2MnBRuV88546zG4Zfw0mWLS6T0jbSsxs0C6euzK16yq3vkOAcAucg88gE+XE7bs4vtLBRlgPVIIXJ5LIc8qd2dvGCDzNBrqNIte+wVV22IpuoGoZEZh62AqsBnORn+c2fo12smoQoaxVZUqg1q9bJsH3Sm1jgYA64xxDlONljedN/UpAAY7mAALYA3HzwOk0Xa2je1g3fAUs1bjc2BUVxtKDGScjrnBDMCOk3gsBGQQV8TkYx8YL7eGChmBXkcEDOOvuBPEzm5dtLJYx9FpO4QqX3Fnd2baFy7sWY4HvP6RtdKhnYDDOQWPOThQo/l4R55/8Aes0egW6t7ReNwWx2qsIQDa7MSBg8DG0YI8OpzLm6q6jkf4sUj7OgPBaxQpwfDnn8p5qFQhfwtwpHJA48D4id7/E21jajFA6kMit6/qJhSWAzgtncDxgAg9ennXdFCQfDPIORj4zow3Jywyd//CPTZ1llhH3NM2Pdvdf9rT1+ea/wh0+Dq3PgmmrHuwHY/wCoT0qYeX7NvHP2pJJJA0SDCgyIqSSVLFyaRqxKxqT0K4ocscsQscsNOGrGrErGrM6UMWMWLWGpgpwYhCCIQhqxCWIIhCEhSxBliUsUsGVJKW8T7YZKNRqN4Hdmx63wQGTdvCk5PQ4P0zXaKxX4rJs7hk7wLggBtzjnHgVPQjEb/EJQutuFhZqF1HeW1qFDbWx0J55BYZ8CekwuxL9ObwumHd4V+W3BXGfuMM5PQc9M4nT8uXP8Zpu+2tNVVctmnvCB1Asr/wCocHGVYE884xkDw4BGZseydDRqr9uovrpflQhRldvVyCeFUDg9G4IAxDFQvYWgImdjBHVGLbxsc88soLOB7yMEHAg2P3GERke53ZndRu34LADaVzwDnHnjjgRetQP7rG7T0TVu9SAHbY6pvTepwx43qMjjBxk9ZjF7LWG8csAG2sWUr0wB97p4HGP0mUuzKV72sCgWOijAzuyVOCdoxxkYgpqNq2bsbSorqA2B6iWbIy3Lg4QY9Ye7zUtGyF02IiNS6BbHbIsLuNiEDGVXj35OfAYmWyjTW1umo7wkF3NFro4J6DcRkZ5JyuDjwzxi3LsDb6xlyCAwbeOMkgnkjr49OOcRz1ZUO7L3jhTtG0BQN23ACnIGCcdSWB85ek2zq/SXWFwGC/dOHetBao54Zsg+7Im1bt/VVMis+9mYbK9iszg8KBt6nPjkeA6mak9ltUrW1ujuFUKGZs2HG9lVdoztXBIzjnoOsx66rksVnYbzkZUshUsuUALcYC5HHmeuTD8cb6X8sp27Zu1NbWu67SFkBGWr5cD3qSMfnMe3t5L1cVshyAUR2UP3gIwCp9ZSCPEeWD4Tmtb2rqtMWL22V7NlaoVrKHjcfPcdrA+fI85jNU6aazVh2XWPYdwArKJvbKgk/ePrdFHXrxzBMJOWly2wfThNtyOLS9hQ70O5Qinw58+fDnAnIs+dwfr90njPBxNz2h2TqE3m0t3oVrHLHduTO3K55PJHP/5NVp9G9hfYM7RucnC7QTx8zzx7oxet/wAI68aO6zqX1BGfMJXWP55neTkv4Z1bOy6Certcx5znFjLn8lE6ycefOVdWP1i5JJISSDJKkRJUswZYuTWNWKWMWejXFDljViljFhpQ1Y1YpYxZnShqw1ixDEFOGCEIAhCCkIGEIIlgyliEKBLBlLFLzBlylvH/AOJGoWjV3s3LMisisvqsdmBk9OCTwfOcdp9LSjVPWHzlEfPKPkEkk+H4eniZ3/8AFCqv7TWbGKHu+8R1ClgVwCADwxI8PHbOJ0eqO1NM1GdMWUNqdv8A45XD/hOD0B4OOT1m3ev8Yz3p656PppXr2kIzFO6bLKzlGONp5zyT+cwO19Bpa7+7WsVlUNhbZZa9lmfucsCq4xg85zxjaQdHTRXTc1YrqvJ0641Cue7VAG9UKEBVhnIPIzjxPDdUdRQiWbwNhCJaqrZZvfJwo3bRjeuM4/CABtis3d7GXjTJ1PZ+vZVV1REYE7X2KFAUkbhu9Y4XpjjJ88TX6TTGrer7GsqtUBDur4ySWVuRkA8Dgc/ATP7I7evNZsvK6iiwMyi0I+1gVXqGDKD5nIO3zzM2vXVapKmpXTUlXsZ677Bg9VKlAmGHO7OT0GcmT5WdxPjL7abvFv5BGax3ao5sd6lVvvM23jxA8MZ84mmq3TpkVI1CXb99FTvq85AyPNQG+6Qc/qM3Qsq2KLtItlT3W41FFrV7K9u/arIRuXqoTA+OJ1mp0FCaY26LRob2VRSLFwyliF53Zww5490mWeuNJjg1rdsVWBdPVXZdbWzWO7bM98Sw4dLFUZzj1SRg45MC2hNVsZaX0tSsEYuyo4bPqbl3FivVcHAzyJpaa69JseyuxAj7Ed8um5cqw9Q8kEEHPBGMdJtNXq3uUrW1Y7zKLfsVFQbSC3PU4zgk4456SfHXSb321/auju39wibULmx3fAdApO8qq5wdmTjPgMDgTWPXbQ+37O7d0y2ojWWNUxB3K20HB8OeuZ3tIoZnW50R3w6qbhvRsBspkA+rnPOcDGODia/tTsFXyaHO8qbGbFZNgOQdjDG1sZA8BkHnGJcz32lx104btJrtSbLbEBtZcpVlh3NAGS784UZGADjqc84hnTV0aVO7Zm3AWszAKbGZfxL5YI48MTpX9HkrTYzsaD67UHjfZ1Bsccvj5AznvSSwKj44AU4A4wMeU0k42zt509R9CqtnZuiHnRW5+Ljef9U3kxOzKe709FfsVVp9KAf0mTOC82u2dCgySpRJKlyjLFDKklS0cmsasUsYs9CuGHLGrFLGLDThyw1i1hrBShqwxFiGsFKGCFAEIQUoMGWIIhCFaxLEoS5CEJJUuUjz3+JGlre/SG9d1e1t4H3ioJzt8Nw3AgHjOM8ZnH9rqoI+yoyaZsiorZlXXcUDE8YO3cSo6fOdr/FHCppi3KsbUIIyCzBduTkYwec+YnCqrtQrakFAHckFvuWo7bsoeT6pHUdDxNseoxvddP2RSNdTYlbOjVha0sc2JvpPO1GQ5XPkBk5wesPtrsrUByiuE06OGsr2sUQlWO8BQ2MqCfBiWY7eZjegx71GTcpXJIDodu4NkNjOce7M7HR6nS6yrvbkAOoZxQtmLXtRAPuIo3MoIJ2885PjLzy1qqxm9xr07Ke1UNWmquqrrU12YKC3aQq5G7a52jOWHGMHmWvZ2k0mq33L3upRVu7nTVKldKgna7kttyWDEEkePHjMu70iRTUunuqoqVjWUuSytHO4oqDKKUHTnpnjnBzp+0O0L9Qav7NHuZ3Gx9PWaGKBg219xY4B43AeeYJcsvwdmM/Ldt2hp9Sc6JqVu5e4Om20Y9bI9U7scsdvPQgjrMftD0n2jbSzFawEsu2Ib7HGM7FY8jzODz085zZS2mwWX0pQULFqKhtIGwnnB+7l+oIyc8nocJL6nqDPW73lmSy13f8AtHPG7cBu8+BwB8sKeODcq6XtLQOmjFjKb1stFlrhy32elm3ZReFzlULNjHrNxiN7A01aalFVjYr171Y7d1bL1VgBtYYx6wA6AYyZhdma9zolFZcUqQtltTP6o59XplCWDF3HIDKc8zJ0umWu6r7Au1/VZ+71LstumDEEOHOPEYIAJJznqJV3qxJrcrddodjm2x7adS9FrhVs2bWR1XoCrA4OMDg/KPOmVErXcSyIid5wHYKPE+/y95jdc+5ShILsqlaA6o5w2SQ2eRweMYOPfNXu1CDbYFOfVrdFawplc+t04BB8s4HPMrDksuGP2k2FxknA6nGT8Zwnbad46J/3LK0x/fYL/Wdr2oxAOTnA546+/E5Ois2doaJAcH7VUeD+ENlv8oI+c6bxgwnOb2fpJJKnnu5JJJUiklS5UiKMqWYMSnILentr9QjVvT21+pZJJ3WuM1dQntr9Sxq6hPbX6lkklWlBrqE9tfqWMXUV+2v1LJJBTg11Ce2v1LDGor9tfrX95JIKWhjUV+2v1r+8IahPbX61lyQUoL7Qntr9a/vLGor9tfrX95JIVrGor9tfrX94Q1Nftr9a/vKklLF9or9tfrX95f2lPbX61/eSSUjjP4n2r9kqsR1L1Xo6AMD6wBIzz04nBLqw1e+xGU5BRbCO8PKkkr5euevX4SSTfD6xln3W09GFbTitkcBNR3i79w31W4YqcNwc7Wxny986q3TUIg1H2uqhKq7KVFYCMXbOVZ92eDnj3ZzKkkyVjOSezdBoHpLHXK1aEZqotqUMOSockAsxweuP6zYr27pQbW09Qr1NYrU2OlbDu3atWfKMQcBgeozt8gcSSHW+19Oe7T7UfWJYjOtqUtursNANpBz911woGQnBA3Y+UxOzdRUb0r+0JWtvqMzqgZNww21icBuABkA89JJI+sboe7HYX6/QWUjS06ha0DIEKrZ3LFWHql8BXBI5G7mZnZaJpt6l0fvCr5rREoUcIqqNx8MZMkkyrX21Hb/aCtci6b/qpai32Bk5RUZwFQuu8jdnLDAycHMYjqbFsu1AZsFKR/ZKWXB3bgCwByfwkZwMjiSSaY+gvtre3dVgAIVbcdrNvUbAfxe+ab0ZVX7U0eXBFYd3YkDcVqdcn4sQZJJrn9Kyw+z1v7TX7a/Wv7yfaa/bX61/eSScLsT7TX7a/Wv7yvtNftr9a/vJJIivtNftr9a/vKOpr9tfrX95JJaKOpr9tfrX95X2mv21+tf3kklqf//Z', 'available', 0, '2021-05-30 09:20:45', NULL),
(57, 'Soju', 'drinks', 'https://cdn.shopify.com/s/files/1/2141/9909/products/Jinro_Classic_09175a93-423c-4204-9f36-f57788c8d18c.png?v=1591901808', 'available', 105, '2021-05-30 09:21:47', NULL),
(58, 'Cappuccino', 'drinks', 'https://upload.wikimedia.org/wikipedia/commons/thumb/7/7d/Italian_breakfast_cappucino%2C_Esino_Lario.jpg/1200px-Italian_breakfast_cappucino%2C_Esino_Lario.jpg', 'available', 55, '2021-05-30 09:22:40', NULL),
(59, 'Black Coffee', 'drinks', 'https://encrypted-tbn0.gstatic.com/images?q=tbn:ANd9GcQ43MQA9BXdZotNURiPlavA8EF9t0PTY2qtDKkPNW7yNYxtEQIx0oNXvyIMcIjzYGdy3Bg&usqp=CAU', 'available', 45, '2021-05-30 09:23:22', NULL),
(60, 'Chicken Macaroni Salad', 'dessert', 'https://panlasangpinoy.com/wp-content/uploads/2018/11/Filipino-Chicken-Macaroni-Salad-Recipe-1-720x991.jpg', 'available', 85, '2021-05-30 09:32:32', NULL),
(61, 'Pork Katsu Curry', 'dinner', 'https://panlasangpinoy.com/wp-content/uploads/2021/04/Pork-Katsu-Curry-1-720x722.jpg', 'available', 75, '2021-05-30 09:33:23', NULL),
(62, 'Bicol Express', 'dinner', 'https://i2.wp.com/www.cookingpinoy.com/wp-content/uploads/2017/10/Bicol-Express-2.jpg?fit=600%2C500&ssl=1', 'available', 75, '2021-05-30 09:34:34', NULL),
(63, 'Chop Suey', 'dinner', 'https://kirbiecravings.com/wp-content/uploads/2020/04/chop-suey-5.jpg', 'available', 45, '2021-05-30 09:35:21', NULL),
(64, 'Air Fried Fish Sinigang', 'dinner', 'https://panlasangpinoy.com/wp-content/uploads/2021/04/air-fried-fish-sinigang-sa-miso-recipe-266x160.jpg?x28689', 'available', 69, '2021-05-30 09:36:51', NULL),
(65, 'Fish Escabeche', 'dinner', 'https://themayakitchen.com/wp-content/uploads/2019/02/FISH-ESCABECHE-Large.jpg', 'available', 75, '2021-05-30 09:37:40', NULL),
(66, 'Crispy Liempo Sinigang Rice', 'dinner', 'https://panlasangpinoy.com/wp-content/uploads/2020/05/Veggie-Tempura.jpg', 'available', 67, '2021-05-30 09:39:47', NULL),
(67, 'BBQ Pork Ribs', 'dinner', 'https://static.toiimg.com/photo/75428606.cms', 'available', 55, '2021-05-30 09:41:29', NULL),
(68, 'Vegetable Recipe', 'dinner', 'https://static.onecms.io/wp-content/uploads/sites/19/2011/04/08/chunky-vegetable-salad-ay-2000.jpg', 'available', 65, '2021-05-30 09:42:44', NULL),
(69, 'Boiled Egg', 'breakfast', 'https://encrypted-tbn0.gstatic.com/images?q=tbn:ANd9GcRDEkkf8_QCqz4_wVLco2LvYnYlDoKobm1K2A&usqp=CAU', '', 10.5, '2021-05-30 11:08:06', '2021-05-30 11:08:42');

-- --------------------------------------------------------

--
-- Table structure for table `position`
--

CREATE TABLE `position` (
  `position_id` int(11) NOT NULL,
  `position_name` varchar(50) NOT NULL
) ENGINE=InnoDB DEFAULT CHARSET=utf8mb4;

--
-- Dumping data for table `position`
--

INSERT INTO `position` (`position_id`, `position_name`) VALUES
(1, 'Admin'),
(2, 'Waiter');

-- --------------------------------------------------------

--
-- Table structure for table `sales`
--

CREATE TABLE `sales` (
  `sale_id` int(11) NOT NULL,
  `table_no` int(11) NOT NULL,
  `customer_name` varchar(100) NOT NULL,
  `quantity` int(11) NOT NULL,
  `bill` float NOT NULL,
  `paid_at` datetime NOT NULL,
  `signature` varchar(50) NOT NULL
) ENGINE=InnoDB DEFAULT CHARSET=utf8mb4;

--
-- Dumping data for table `sales`
--

INSERT INTO `sales` (`sale_id`, `table_no`, `customer_name`, `quantity`, `bill`, `paid_at`, `signature`) VALUES
(1, 2, 'Rhea Amancio', 3, 360, '2021-05-22 04:07:38', 'Eleasar Patot'),
(2, 1, 'James Loyd Belda', 7, 364.75, '2021-05-22 04:05:16', 'Eleasar Patot'),
(3, 3, 'Abdul Azis Mamarinta', 2, 160, '2021-05-22 04:19:16', 'Eleasar Patot'),
(4, 4, 'Jurick Anthony Baybayanon', 5, 253.75, '2021-05-22 04:26:20', 'Eleasar Patot'),
(5, 1, 'Jessa Ortiz', 2, 101.5, '2021-05-22 04:33:04', 'Eleasar Patot'),
(6, 2, 'Rhea Amancio', 4, 202, '2021-05-22 04:35:04', 'Eleasar Patot'),
(7, 2, 'Abdul Azis Mamarinta', 5, 750, '2021-05-22 04:37:09', 'Eleasar Patot'),
(8, 1, 'Jessa Ortiz', 2, 90, '2021-05-22 04:49:51', 'Eleasar Patot'),
(9, 5, 'Elsa', 2, 101, '2021-05-23 10:15:58', 'Eleasar Patot'),
(10, 5, 'Elsa', 15, 675, '2021-05-23 10:16:06', 'Eleasar Patot'),
(11, 4, 'Joshua Avenido', 12, 910, '2021-05-23 10:28:37', 'Eleasar Patot'),
(12, 4, 'Romeo Rodemio', 4, 1000, '2021-05-23 10:28:53', 'Eleasar Patot'),
(16, 4, 'Jurick Baybayanon', 2, 111, '2021-05-29 01:47:49', 'Marjorie Entoma'),
(17, 10, 'Jurick Baybayanon', 2, 160, '2021-05-29 01:59:06', 'Marjorie Entoma'),
(18, 10, 'Jurick Baybayanon', 5, 253.75, '2021-05-29 02:00:34', 'Marjorie Entoma'),
(19, 10, 'Jurick Baybayanon', 2, 160, '2021-05-29 02:00:49', 'Marjorie Entoma'),
(20, 10, 'Jurick Baybayanon', 10, 507.5, '2021-05-29 02:05:13', 'Marjorie Entoma'),
(21, 8, 'Jurick Baybayanon', 5, 1250, '2021-05-29 02:05:20', 'elsaallala'),
(22, 8, 'Jurick Baybayanon', 22, 1331, '2021-05-29 02:16:36', 'Marjorie Entoma'),
(23, 2, 'Jurick Baybayanon', 2, 121, '2021-05-29 02:16:44', 'Marjorie Entoma'),
(24, 1, 'Jurick Baybayanon', 4, 222.5, '2021-05-29 02:18:26', 'Marjorie Entoma'),
(25, 5, 'romeo rodemio', 7, 675, '2021-05-30 11:23:16', 'Marjorie Entoma'),
(26, 5, 'Joseph John', 8, 975, '2021-05-30 11:24:36', 'Marjorie Entoma'),
(27, 5, 'Joseph John', 2, 198, '2021-05-30 11:24:47', 'Marjorie Entoma');

-- --------------------------------------------------------

--
-- Table structure for table `tables`
--

CREATE TABLE `tables` (
  `table_no` int(11) NOT NULL,
  `table_status` varchar(50) DEFAULT NULL
) ENGINE=InnoDB DEFAULT CHARSET=utf8mb4;

--
-- Dumping data for table `tables`
--

INSERT INTO `tables` (`table_no`, `table_status`) VALUES
(1, 'available'),
(2, 'available'),
(3, 'available'),
(4, 'available'),
(5, 'available'),
(6, 'available'),
(7, 'available'),
(8, 'available'),
(9, 'available'),
(10, 'available');

-- --------------------------------------------------------

--
-- Table structure for table `table_orders`
--

CREATE TABLE `table_orders` (
  `table_no` int(11) NOT NULL,
  `order_id` int(11) NOT NULL,
  `menu_id` int(11) NOT NULL,
  `quantity` int(11) NOT NULL,
  `bill` float NOT NULL,
  `status` varchar(50) NOT NULL,
  `ordered_at` datetime DEFAULT current_timestamp(),
  `paid_at` datetime DEFAULT NULL
) ENGINE=InnoDB DEFAULT CHARSET=utf8mb4;

--
-- Dumping data for table `table_orders`
--

INSERT INTO `table_orders` (`table_no`, `order_id`, `menu_id`, `quantity`, `bill`, `status`, `ordered_at`, `paid_at`) VALUES
(1, 1, 10, 1, 60.5, 'Paid', '2021-05-15 11:42:25', '2021-05-30 11:23:16'),
(4, 2, 4, 5, 253.75, 'Paid', '2021-05-16 10:30:23', '2021-05-29 02:00:34'),
(1, 3, 8, 1, 50.5, 'Paid', '2021-05-16 10:32:27', '2021-05-30 11:23:16'),
(3, 4, 3, 2, 160, 'Paid', '2021-05-16 10:32:34', '2021-05-29 01:59:06'),
(2, 5, 9, 2, 110, 'Paid', '2021-05-16 10:32:41', '2021-05-30 11:24:36'),
(2, 6, 1, 1, 250, 'Paid', '2021-05-16 06:32:32', '2021-05-30 11:24:36'),
(1, 7, 4, 5, 253.75, 'Paid', '2021-05-16 10:56:38', '2021-05-30 11:23:16'),
(1, 8, 4, 2, 101.5, 'Paid', '2021-05-22 04:30:49', '2021-05-30 11:23:16'),
(2, 9, 8, 4, 202, 'Paid', '2021-05-22 04:34:09', '2021-05-30 11:24:36'),
(2, 10, 2, 5, 750, 'Paid', '2021-05-22 04:36:43', '2021-05-30 11:24:36'),
(1, 11, 12, 2, 90, 'Paid', '2021-05-22 04:43:27', '2021-05-30 11:23:16'),
(1, 12, 4, 0, 0, 'Paid', '2021-05-23 10:13:17', '2021-05-30 11:23:16'),
(2, 13, 8, 2, 101, 'Paid', '2021-05-23 10:13:25', '2021-05-30 11:24:36'),
(5, 14, 12, 5, 225, 'Paid', '2021-05-23 10:13:32', '2021-05-30 11:24:47'),
(5, 15, 12, 10, 450, 'Paid', '2021-05-23 10:13:42', '2021-05-30 11:24:47'),
(2, 16, 9, 2, 110, 'Paid', '2021-05-23 10:21:08', '2021-05-30 11:24:36'),
(4, 17, 1, 4, 1000, 'Paid', '2021-05-23 10:21:19', '2021-05-29 02:00:34'),
(2, 18, 3, 10, 800, 'Paid', '2021-05-23 10:21:36', '2021-05-30 11:24:36'),
(1, 19, 4, 2, 101.5, 'Paid', '2021-05-23 10:31:53', '2021-05-30 11:23:16'),
(4, 20, 10, 2, 121, 'Paid', '2021-05-26 03:41:16', '2021-05-29 02:00:34'),
(6, 21, 2, 1, 150, 'Paid', '2021-05-26 03:42:12', '2021-05-29 01:35:39'),
(1, 22, 10, 12, 726, 'Paid', '2021-05-28 01:56:10', '2021-05-30 11:23:16'),
(1, 23, 2, 20, 3000, 'Paid', '2021-05-29 01:14:00', '2021-05-30 11:23:16'),
(4, 24, 4, 20, 1015, 'Paid', '2021-05-29 01:15:11', '2021-05-29 02:00:34'),
(4, 25, 3, 2, 160, 'Paid', '2021-05-29 01:15:22', '2021-05-29 02:00:34'),
(8, 26, 3, 2, 160, 'Paid', '2021-05-29 01:48:21', '2021-05-29 02:16:36'),
(10, 27, 4, 10, 507.5, 'Paid', '2021-05-29 01:48:36', '2021-05-29 02:05:13'),
(8, 28, 10, 22, 1331, 'Paid', '2021-05-29 02:02:32', '2021-05-29 02:16:36'),
(7, 29, 1, 5, 1250, 'Paid', '2021-05-29 02:02:43', '2021-05-29 02:05:20'),
(2, 30, 10, 2, 121, 'Paid', '2021-05-29 02:12:21', '2021-05-30 11:24:36'),
(1, 31, 4, 2, 101.5, 'Paid', '2021-05-29 02:12:28', '2021-05-30 11:23:16'),
(1, 32, 10, 2, 121, 'Paid', '2021-05-29 02:17:34', '2021-05-30 11:23:16'),
(2, 33, 59, 2, 90, 'Paid', '2021-05-30 10:51:04', '2021-05-30 11:24:36'),
(5, 34, 17, 5, 250, 'Paid', '2021-05-30 10:51:40', '2021-05-30 11:24:47'),
(1, 35, 10, 4, 242, 'Paid', '2021-05-30 11:13:51', '2021-05-30 11:23:16'),
(1, 36, 38, 2, 150, 'Paid', '2021-05-30 11:14:13', '2021-05-30 11:23:16'),
(1, 37, 57, 5, 525, 'Paid', '2021-05-30 11:14:28', '2021-05-30 11:23:16'),
(2, 38, 2, 5, 750, 'Paid', '2021-05-30 11:15:45', '2021-05-30 11:24:36'),
(2, 39, 27, 3, 225, 'Paid', '2021-05-30 11:16:06', '2021-05-30 11:24:36'),
(5, 40, 62, 1, 75, 'Paid', '2021-05-30 11:16:27', '2021-05-30 11:24:47'),
(5, 41, 53, 2, 198, 'Paid', '2021-05-30 11:16:49', '2021-05-30 11:24:47');

--
-- Indexes for dumped tables
--

--
-- Indexes for table `accounts`
--
ALTER TABLE `accounts`
  ADD PRIMARY KEY (`account_id`),
  ADD KEY `account_position` (`position`);

--
-- Indexes for table `menu`
--
ALTER TABLE `menu`
  ADD PRIMARY KEY (`menu_id`),
  ADD UNIQUE KEY `menu_name` (`menu_name`);

--
-- Indexes for table `position`
--
ALTER TABLE `position`
  ADD PRIMARY KEY (`position_id`);

--
-- Indexes for table `sales`
--
ALTER TABLE `sales`
  ADD PRIMARY KEY (`sale_id`);

--
-- Indexes for table `tables`
--
ALTER TABLE `tables`
  ADD PRIMARY KEY (`table_no`);

--
-- Indexes for table `table_orders`
--
ALTER TABLE `table_orders`
  ADD PRIMARY KEY (`order_id`),
  ADD KEY `table_order` (`table_no`),
  ADD KEY `menu` (`menu_id`);

--
-- AUTO_INCREMENT for dumped tables
--

--
-- AUTO_INCREMENT for table `accounts`
--
ALTER TABLE `accounts`
  MODIFY `account_id` int(11) NOT NULL AUTO_INCREMENT, AUTO_INCREMENT=27;

--
-- AUTO_INCREMENT for table `menu`
--
ALTER TABLE `menu`
  MODIFY `menu_id` int(11) NOT NULL AUTO_INCREMENT, AUTO_INCREMENT=70;

--
-- AUTO_INCREMENT for table `position`
--
ALTER TABLE `position`
  MODIFY `position_id` int(11) NOT NULL AUTO_INCREMENT, AUTO_INCREMENT=3;

--
-- AUTO_INCREMENT for table `sales`
--
ALTER TABLE `sales`
  MODIFY `sale_id` int(11) NOT NULL AUTO_INCREMENT, AUTO_INCREMENT=28;

--
-- AUTO_INCREMENT for table `tables`
--
ALTER TABLE `tables`
  MODIFY `table_no` int(11) NOT NULL AUTO_INCREMENT, AUTO_INCREMENT=11;

--
-- AUTO_INCREMENT for table `table_orders`
--
ALTER TABLE `table_orders`
  MODIFY `order_id` int(11) NOT NULL AUTO_INCREMENT, AUTO_INCREMENT=42;

--
-- Constraints for dumped tables
--

--
-- Constraints for table `accounts`
--
ALTER TABLE `accounts`
  ADD CONSTRAINT `account_position` FOREIGN KEY (`position`) REFERENCES `position` (`position_id`);

--
-- Constraints for table `table_orders`
--
ALTER TABLE `table_orders`
  ADD CONSTRAINT `menu` FOREIGN KEY (`menu_id`) REFERENCES `menu` (`menu_id`) ON UPDATE CASCADE,
  ADD CONSTRAINT `table_order` FOREIGN KEY (`table_no`) REFERENCES `tables` (`table_no`) ON UPDATE CASCADE;
COMMIT;

/*!40101 SET CHARACTER_SET_CLIENT=@OLD_CHARACTER_SET_CLIENT */;
/*!40101 SET CHARACTER_SET_RESULTS=@OLD_CHARACTER_SET_RESULTS */;
/*!40101 SET COLLATION_CONNECTION=@OLD_COLLATION_CONNECTION */;
